,Tag.No,Old.No,T1,T2,X,Y,Family,genus,species,Old.Tree.Notes,D..2013.1,POM..2013.1,F1..2013.1,F2..2013.1,Height..2013.1,F5..2013.1,F3..2013.1,F4..2013.1,LI..2013.1,CI..2013.1,Census.Notes..2013.1,D..2014.2,POM..2014.2,F1,F2,Height..2014.2,F5,F3,F4,LI..2014.2,CI..2014.2,Tree.ID,D..2015.1,POM..2015.1,F1.1,F2.1,Height..2015.1,F5.1,F3.1,F4.1,LI..2015.1,CI..2015.1,Census.Notes,Tree.ID.1,New.Tag.No,D..2016.2,POM..2014.2.1,F1.2,F2.2,Height..2016.2,F5.2,F3.2,F4.2,LI..2014.2.1,CI..2014.2.1,D..2017.2,POM..2017.2,F1.3,F2.3,Height..2017.2,F5.3,F3.3,F4.3,LI..2014.2.2,CI..2014.2.2,tag,plot,DBH.1,DBH.2,DBH.3,DBH.4,DBH.5,DBH.1a,DBH.2a,DBH.3a,DBH.4a,DBH.5a,dbh_growth_yr,recruits,srink,missing,overgrown,value_replaced,,,
1,6,NA,NA,NA,NA,NA,NA,NA,NA,NA,12.8,1.4,NA,0.639235707,-1.8,NA,NA,NA,NA,NA,NA,12.61762187,1.4,NA,NA,-1.54,NA,NA,NA,NA,NA,NA,12.46158725,NA,NA,NA,-2.1,NA,NA,NA,NA,NA,NA,NA,NA,12.24881276,1.4,NA,NA,-1.6,NA,NA,NA,NA,NA,12.08669887,NA,NA,NA,-1.6,NA,NA,NA,NA,NA,6,ACJ-01,12.8,12.61762187,12.46158725,12.24881276,12.08669887,1.28,1.261762187,1.246158725,1.224881276,1.208669887,-0.076846195,ok,ok,ok,ok,NA,-0.00191977,-0.002026424,-0.002474122
2,10,NA,NA,NA,NA,NA,NA,NA,NA,NA,17,1.4,NA,0.574563977,-0.7,NA,NA,NA,NA,NA,NA,16.92907517,1.4,NA,NA,0,NA,NA,NA,NA,NA,NA,16.92907517,NA,NA,NA,2.3,NA,NA,NA,NA,NA,NA,NA,NA,17.16211389,1.4,NA,NA,3.9,NA,NA,NA,NA,NA,17.55726651,NA,NA,NA,3.9,NA,NA,NA,NA,NA,10,ACJ-01,17,16.92907517,16.92907517,17.16211389,17.55726651,1.7,1.692907517,1.692907517,1.716211389,1.755726651,0.187312606,ok,ok,ok,ok,NA,-0.000746577,0,0.002709753
3,17,NA,NA,NA,NA,NA,NA,NA,NA,NA,21,1.4,NA,0.639235707,1.2,NA,NA,NA,NA,NA,NA,21.12158542,1.4,NA,NA,1.25,NA,NA,NA,NA,NA,NA,21.2482369,NA,NA,NA,4.7,NA,NA,NA,NA,NA,NA,NA,NA,21.72444646,1.4,NA,NA,5.95,NA,NA,NA,NA,NA,22.32730751,NA,NA,NA,5.95,NA,NA,NA,NA,NA,17,ACJ-01,21,21.12158542,21.2482369,21.72444646,22.32730751,2.1,2.112158542,2.12482369,2.172444646,2.232730751,0.285771796,ok,ok,ok,ok,NA,0.001279847,0.001644824,0.00553732
4,20,NA,NA,NA,NA,NA,NA,NA,NA,NA,25.6,1.4,NA,0.59980802,-1.9,NA,NA,NA,NA,NA,NA,25.40748975,1.4,NA,NA,1.4,NA,NA,NA,NA,NA,NA,25.54933941,NA,NA,NA,1.3,NA,NA,NA,NA,NA,NA,NA,NA,25.68105695,1.4,NA,NA,0.5,NA,NA,NA,NA,NA,25.73171754,NA,NA,NA,0.5,NA,NA,NA,NA,NA,20,ACJ-01,25.6,25.40748975,25.54933941,25.68105695,25.73171754,2.56,2.540748975,2.554933941,2.568105695,2.573171754,0.024014436,ok,ok,ok,ok,NA,-0.002026424,0.001842203,0.001531599
5,23,NA,NA,NA,NA,NA,NA,NA,NA,NA,49.9,1.4,NA,0.540014578,-2.6,NA,NA,NA,NA,NA,NA,49.63656492,1.4,NA,NA,0.64,NA,NA,NA,NA,NA,NA,49.70141048,NA,NA,NA,0,NA,NA,NA,NA,NA,NA,NA,NA,49.70141048,1.4,NA,NA,3.1,NA,NA,NA,NA,NA,50.01550615,NA,NA,NA,3.1,NA,NA,NA,NA,NA,23,ACJ-01,49.9,49.63656492,49.70141048,49.70141048,50.01550615,4.99,4.963656492,4.970141048,4.970141048,5.001550615,0.148889506,ok,ok,ok,ok,NA,-0.002773001,0.00084215,0
6,28,NA,NA,NA,NA,NA,NA,NA,NA,NA,26.3,1.4,NA,0.540014578,-1,NA,NA,NA,NA,NA,NA,26.19867882,1.4,NA,NA,0,NA,NA,NA,NA,NA,NA,26.19867882,NA,NA,NA,1.8,NA,NA,NA,NA,NA,NA,NA,NA,26.38105695,1.4,NA,NA,3,NA,NA,NA,NA,NA,26.6850205,NA,NA,NA,3,NA,NA,NA,NA,NA,28,ACJ-01,26.3,26.19867882,26.19867882,26.38105695,26.6850205,2.63,2.619867882,2.619867882,2.638105695,2.66850205,0.144086618,ok,ok,ok,ok,NA,-0.001066539,0,0.002120676
7,29,NA,NA,NA,NA,NA,NA,NA,NA,NA,15.4,1.4,NA,0.540014578,-1.8,NA,NA,NA,NA,NA,NA,15.21762187,1.4,NA,NA,0,NA,NA,NA,NA,NA,NA,15.21762187,NA,NA,NA,0,NA,NA,NA,NA,NA,NA,NA,NA,15.21762187,1.4,NA,NA,1.9,NA,NA,NA,NA,NA,15.41013212,NA,NA,NA,1.9,NA,NA,NA,NA,NA,29,ACJ-01,15.4,15.21762187,15.21762187,15.21762187,15.41013212,1.54,1.521762187,1.521762187,1.521762187,1.541013212,0.091254859,ok,ok,ok,ok,NA,-0.00191977,0,0
8,38,NA,NA,NA,NA,NA,NA,NA,NA,NA,41.8,1.4,NA,0.639235707,-1.1,NA,NA,NA,NA,NA,NA,41.6885467,1.4,NA,NA,0,NA,NA,NA,NA,NA,NA,41.6885467,NA,NA,NA,0,NA,NA,NA,NA,NA,NA,NA,NA,41.6885467,1.4,NA,NA,2,NA,NA,NA,NA,NA,41.89118907,NA,NA,NA,2,NA,NA,NA,NA,NA,38,ACJ-01,41.8,41.6885467,41.6885467,41.6885467,41.89118907,4.18,4.16885467,4.16885467,4.16885467,4.189118907,0.096057747,ok,ok,ok,ok,NA,-0.001173193,0,0
9,42,NA,NA,NA,NA,NA,NA,NA,NA,NA,18,1.4,NA,0.540014578,-1,NA,NA,NA,NA,NA,NA,17.89867882,1.4,NA,NA,0,NA,NA,NA,NA,NA,NA,17.89867882,NA,NA,NA,0,NA,NA,NA,NA,NA,NA,NA,NA,17.89867882,1.4,NA,NA,0,NA,NA,NA,NA,NA,17.89867882,NA,NA,NA,0,NA,NA,NA,NA,NA,42,ACJ-01,18,17.89867882,17.89867882,17.89867882,17.89867882,1.8,1.789867882,1.789867882,1.789867882,1.789867882,0,ok,ok,ok,ok,NA,-0.001066539,0,0
10,43,NA,NA,NA,NA,NA,NA,NA,NA,NA,18.3,1.4,NA,0.540014578,-0.1,NA,NA,NA,NA,NA,NA,18.28986788,1.4,NA,NA,0,NA,NA,NA,NA,NA,NA,18.28986788,NA,NA,NA,0,NA,NA,NA,NA,NA,NA,NA,NA,18.28986788,1.4,NA,NA,1.35,NA,NA,NA,NA,NA,18.42665148,NA,NA,NA,1.35,NA,NA,NA,NA,NA,43,ACJ-01,18.3,18.28986788,18.28986788,18.28986788,18.42665148,1.83,1.828986788,1.828986788,1.828986788,1.842665148,0.064838979,ok,ok,ok,ok,NA,-0.000106654,0,0
11,48,NA,NA,NA,NA,NA,NA,NA,NA,NA,11.9,1.4,NA,0.540014578,0,NA,NA,NA,NA,NA,NA,11.9,1.4,NA,NA,1.62,NA,NA,NA,NA,NA,NA,12.06414032,NA,NA,NA,3.42,NA,NA,NA,NA,NA,NA,NA,NA,12.41065877,1.4,NA,NA,4.55,NA,NA,NA,NA,NA,12.87167015,NA,NA,NA,4.55,NA,NA,NA,NA,NA,48,ACJ-01,11.9,11.9,12.06414032,12.41065877,12.87167015,1.19,1.19,1.206414032,1.241065877,1.287167015,0.218531368,ok,ok,ok,ok,NA,0,0.002131692,0.004029284
12,50,NA,NA,NA,NA,NA,NA,NA,NA,NA,23.8,1.4,NA,0.540014578,0,NA,NA,NA,NA,NA,NA,23.8,1.4,NA,NA,2.2,NA,NA,NA,NA,NA,NA,24.0229066,NA,NA,NA,4.34,NA,NA,NA,NA,NA,NA,NA,NA,24.46264054,1.4,NA,NA,6.3,NA,NA,NA,NA,NA,25.100964,NA,NA,NA,6.3,NA,NA,NA,NA,NA,50,ACJ-01,23.8,23.8,24.0229066,24.46264054,25.100964,2.38,2.38,2.40229066,2.446264054,2.5100964,0.3025819,ok,ok,ok,ok,NA,0,0.002894891,0.005113185
13,57,NA,NA,NA,NA,NA,NA,NA,NA,NA,38.9,1.4,NA,0.540014578,-2.4,NA,NA,NA,NA,NA,NA,38.65682916,1.4,NA,NA,0.32,NA,NA,NA,NA,NA,NA,38.68925194,NA,NA,NA,-2.22,NA,NA,NA,NA,NA,NA,NA,NA,38.46431891,1.4,NA,NA,-0.4,NA,NA,NA,NA,NA,38.42379044,NA,NA,NA,-0.4,NA,NA,NA,NA,NA,57,ACJ-01,38.9,38.65682916,38.68925194,38.46431891,38.42379044,3.89,3.865682916,3.868925194,3.846431891,3.842379044,-0.019211547,ok,ok,ok,ok,NA,-0.002559693,0.000421075,-0.0026155
14,62,NA,NA,NA,NA,NA,NA,NA,NA,NA,17,1.45,NA,0.59980802,-2.3,NA,NA,NA,NA,NA,NA,16.76696128,1.45,NA,NA,0.63,NA,NA,NA,NA,NA,NA,16.83079362,NA,NA,NA,0.75,NA,NA,NA,NA,NA,NA,NA,NA,16.90678451,1.45,NA,NA,11.1,NA,NA,NA,NA,NA,18.03144965,NA,NA,NA,11.1,NA,NA,NA,NA,NA,62,ACJ-01,17,16.76696128,16.83079362,16.90678451,18.03144965,1.7,1.676696128,1.683079362,1.690678451,1.803144965,0.533120488,ok,ok,ok,ok,NA,-0.002453039,0.000828991,0.000883615
15,70,NA,NA,NA,NA,NA,NA,NA,NA,NA,19.2,1.7,NA,0.59980802,1.16,NA,NA,NA,NA,NA,NA,19.31753257,1.7,NA,NA,3.45,NA,NA,NA,NA,NA,NA,19.66709066,NA,NA,NA,6.3,NA,NA,NA,NA,NA,NA,NA,NA,20.30541411,1.7,NA,NA,9.9,NA,NA,NA,NA,NA,21.30849383,NA,NA,NA,9.9,NA,NA,NA,NA,NA,70,ACJ-01,19.2,19.31753257,19.66709066,20.30541411,21.30849383,1.92,1.931753257,1.966709066,2.030541411,2.130849383,0.475485841,ok,ok,ok,ok,NA,0.001237185,0.004539715,0.007422366
16,75,NA,NA,NA,NA,NA,NA,NA,NA,NA,21.9,1.35,NA,0.574563977,0,NA,NA,NA,NA,NA,NA,21.9,1.35,NA,NA,0.78,NA,NA,NA,NA,NA,NA,21.97903052,NA,NA,NA,3.2,NA,NA,NA,NA,NA,NA,NA,NA,22.30325831,1.35,NA,NA,3.8,NA,NA,NA,NA,NA,22.68827881,NA,NA,NA,3.8,NA,NA,NA,NA,NA,75,ACJ-01,21.9,21.9,21.97903052,22.30325831,22.68827881,2.19,2.19,2.197903052,2.230325831,2.268827881,0.182509718,ok,ok,ok,ok,NA,0,0.00102637,0.003770091
17,85,NA,NA,NA,NA,NA,NA,NA,NA,NA,11.9,1.4,NA,0.59980802,-1,NA,NA,NA,NA,NA,NA,11.79867882,1.4,NA,NA,0,NA,NA,NA,NA,NA,NA,11.79867882,NA,NA,NA,3,NA,NA,NA,NA,NA,NA,NA,NA,12.10264237,1.4,NA,NA,4.1,NA,NA,NA,NA,NA,12.51805922,NA,NA,NA,4.1,NA,NA,NA,NA,NA,85,ACJ-01,11.9,11.79867882,11.79867882,12.10264237,12.51805922,1.19,1.179867882,1.179867882,1.210264237,1.251805922,0.196918377,ok,ok,ok,ok,NA,-0.001066539,0,0.00353446
18,86,NA,NA,NA,NA,NA,NA,NA,NA,NA,27,1.35,NA,0.540014578,0,NA,NA,NA,NA,NA,NA,27,1.35,NA,NA,0,NA,NA,NA,NA,NA,NA,27,NA,NA,NA,2.5,NA,NA,NA,NA,NA,NA,NA,NA,27.25330296,1.35,NA,NA,3.3,NA,NA,NA,NA,NA,27.58766287,NA,NA,NA,3.3,NA,NA,NA,NA,NA,86,ACJ-01,27,27,27,27.25330296,27.58766287,2.7,2.7,2.7,2.725330296,2.758766287,0.158495282,ok,ok,ok,ok,NA,0,0,0.002945383
19,95,NA,NA,NA,NA,NA,NA,NA,NA,NA,26.7,1.4,NA,0.651873955,0,NA,NA,NA,NA,NA,NA,26.7,1.4,NA,NA,0,NA,NA,NA,NA,NA,NA,26.7,NA,NA,NA,1.78,NA,NA,NA,NA,NA,NA,NA,NA,26.88035171,1.4,NA,NA,2.4,NA,NA,NA,NA,NA,27.12352255,NA,NA,NA,2.4,NA,NA,NA,NA,NA,95,ACJ-01,26.7,26.7,26.7,26.88035171,27.12352255,2.67,2.67,2.67,2.688035171,2.712352255,0.115269294,ok,ok,ok,ok,NA,0,0,0.002097113
20,97,NA,NA,NA,NA,NA,NA,NA,NA,NA,21.1,1.4,NA,0.59980802,0,NA,NA,NA,NA,NA,NA,21.1,1.4,NA,NA,0.3,NA,NA,NA,NA,NA,NA,21.13039636,NA,NA,NA,5.6,NA,NA,NA,NA,NA,NA,NA,NA,21.69779498,1.4,NA,NA,11.8,NA,NA,NA,NA,NA,22.89338495,NA,NA,NA,11.8,NA,NA,NA,NA,NA,97,ACJ-01,21.1,21.1,21.13039636,21.69779498,22.89338495,2.11,2.11,2.113039636,2.169779498,2.289338495,0.5667407,ok,ok,ok,ok,NA,0,0.000394758,0.006597658
21,98,NA,NA,NA,NA,NA,NA,NA,NA,NA,29.5,1.35,NA,0.639235707,-0.5,NA,NA,NA,NA,NA,NA,29.44933941,1.35,NA,NA,0,NA,NA,NA,NA,NA,NA,29.44933941,NA,NA,NA,2.5,NA,NA,NA,NA,NA,NA,NA,NA,29.70264237,1.35,NA,NA,7.45,NA,NA,NA,NA,NA,30.45748519,NA,NA,NA,7.45,NA,NA,NA,NA,NA,98,ACJ-01,29.5,29.44933941,29.44933941,29.70264237,30.45748519,2.95,2.944933941,2.944933941,2.970264237,3.045748519,0.357815103,ok,ok,ok,ok,NA,-0.000533269,0,0.002945383
22,103,NA,NA,NA,NA,NA,NA,NA,NA,NA,28.4,1.35,NA,0.540014578,-0.3,NA,NA,NA,NA,NA,NA,28.36960364,1.35,NA,NA,0,NA,NA,NA,NA,NA,NA,28.36960364,NA,NA,NA,2.41,NA,NA,NA,NA,NA,NA,NA,NA,28.6137877,1.35,NA,NA,4.2,NA,NA,NA,NA,NA,29.03933667,NA,NA,NA,4.2,NA,NA,NA,NA,NA,103,ACJ-01,28.4,28.36960364,28.36960364,28.6137877,29.03933667,2.84,2.836960364,2.836960364,2.86137877,2.903933667,0.201721265,ok,ok,ok,ok,NA,-0.000319962,0,0.00283935
23,105,NA,NA,NA,NA,NA,NA,NA,NA,NA,21.3,1.4,NA,0.59980802,0.9,NA,NA,NA,NA,NA,NA,21.39118907,1.4,NA,NA,1.47,NA,NA,NA,NA,NA,NA,21.54013121,NA,NA,NA,4.34,NA,NA,NA,NA,NA,NA,NA,NA,21.97986514,1.4,NA,NA,5.4,NA,NA,NA,NA,NA,22.52699953,NA,NA,NA,5.4,NA,NA,NA,NA,NA,105,ACJ-01,21.3,21.39118907,21.54013121,21.97986514,22.52699953,2.13,2.139118907,2.154013121,2.197986514,2.252699953,0.259355912,ok,ok,ok,ok,NA,0.000959885,0.001934314,0.005113185
24,108,NA,NA,NA,NA,NA,NA,NA,NA,NA,15.2,1.4,NA,0.574563977,-1.5,NA,NA,NA,NA,NA,NA,15.04801822,1.4,NA,NA,-0.9,NA,NA,NA,NA,NA,NA,14.95682916,NA,NA,NA,-2.7,NA,NA,NA,NA,NA,NA,NA,NA,14.68326196,1.4,NA,NA,-2,NA,NA,NA,NA,NA,14.4806196,NA,NA,NA,-2,NA,NA,NA,NA,NA,108,ACJ-01,15.2,15.04801822,14.95682916,14.68326196,14.4806196,1.52,1.504801822,1.495682916,1.468326196,1.44806196,-0.096057742,ok,ok,ok,ok,NA,-0.001599808,-0.001184274,-0.003181014
25,109,NA,NA,NA,NA,NA,NA,NA,NA,NA,15.8,1.4,NA,0.574563977,1,NA,NA,NA,NA,NA,NA,15.90132118,1.4,NA,NA,1.46,NA,NA,NA,NA,NA,NA,16.04925011,NA,NA,NA,3.22,NA,NA,NA,NA,NA,NA,NA,NA,16.37550432,1.4,NA,NA,NA,NA,NA,NA,NA,NA,16.37550432,NA,NA,NA,NA,NA,NA,NA,NA,NA,109,ACJ-01,15.8,15.90132118,16.04925011,16.37550432,16.37550432,1.58,1.590132118,1.604925011,1.637550432,1.637550432,0,ok,ok,ok,ok,NA,0.001066539,0.001921155,0.003793654
26,111,NA,NA,NA,NA,NA,NA,NA,NA,NA,40.7,1.5,NA,0.540014578,-1,NA,NA,NA,NA,NA,NA,40.59867882,1.5,NA,NA,0,NA,NA,NA,NA,NA,NA,40.59867882,NA,NA,NA,2.27,NA,NA,NA,NA,NA,NA,NA,NA,40.8286779,1.5,NA,NA,4.4,NA,NA,NA,NA,NA,41.27449111,NA,NA,NA,4.4,NA,NA,NA,NA,NA,111,ACJ-01,40.7,40.59867882,40.59867882,40.8286779,41.27449111,4.07,4.059867882,4.059867882,4.08286779,4.127449111,0.211327041,ok,ok,ok,ok,NA,-0.001066539,0,0.002674408
27,119,NA,NA,NA,NA,NA,NA,NA,NA,NA,18.3,1.4,NA,0.59980802,-1.4,NA,NA,NA,NA,NA,NA,18.15815034,1.4,NA,NA,0,NA,NA,NA,NA,NA,NA,18.15815034,NA,NA,NA,0,NA,NA,NA,NA,NA,NA,NA,NA,18.15815034,1.4,NA,NA,2.05,NA,NA,NA,NA,NA,18.36585877,NA,NA,NA,2.05,NA,NA,NA,NA,NA,119,ACJ-01,18.3,18.15815034,18.15815034,18.15815034,18.36585877,1.83,1.815815034,1.815815034,1.815815034,1.836585877,0.098459191,ok,ok,ok,ok,NA,-0.001493154,0,0
28,120,NA,NA,NA,NA,NA,NA,NA,NA,NA,15.6,1.4,NA,0.574563977,-1.4,NA,NA,NA,NA,NA,NA,15.45815034,1.4,NA,NA,-1.82,NA,NA,NA,NA,NA,NA,15.27374579,NA,NA,NA,-2.2,NA,NA,NA,NA,NA,NA,NA,NA,15.05083918,1.4,NA,NA,-1.85,NA,NA,NA,NA,NA,14.86339499,NA,NA,NA,-1.85,NA,NA,NA,NA,NA,120,ACJ-01,15.6,15.45815034,15.27374579,15.05083918,14.86339499,1.56,1.545815034,1.527374579,1.505083918,1.486339499,-0.088853415,ok,ok,ok,ok,NA,-0.001493154,-0.002394864,-0.002591937
29,123,NA,NA,NA,NA,NA,NA,NA,NA,NA,12.5,1.4,NA,0.639235707,-1.1,NA,NA,NA,NA,NA,NA,12.3885467,1.4,NA,NA,-1.12,NA,NA,NA,NA,NA,NA,12.27506697,NA,NA,NA,0,NA,NA,NA,NA,NA,NA,NA,NA,12.27506697,1.4,NA,NA,0.65,NA,NA,NA,NA,NA,12.34092574,NA,NA,NA,0.65,NA,NA,NA,NA,NA,123,ACJ-01,12.5,12.3885467,12.27506697,12.27506697,12.34092574,1.25,1.23885467,1.227506697,1.227506697,1.234092574,0.031218768,ok,ok,ok,ok,NA,-0.001173193,-0.001473763,0
30,133,NA,NA,NA,NA,NA,NA,NA,NA,NA,16.8,1.4,NA,0.59980802,0,NA,NA,NA,NA,NA,NA,16.8,1.4,NA,NA,0.96,NA,NA,NA,NA,NA,NA,16.89726834,NA,NA,NA,2.77,NA,NA,NA,NA,NA,NA,NA,NA,17.17792801,1.4,NA,NA,3.8,NA,NA,NA,NA,NA,17.56294851,NA,NA,NA,3.8,NA,NA,NA,NA,NA,133,ACJ-01,16.8,16.8,16.89726834,17.17792801,17.56294851,1.68,1.68,1.689726834,1.717792801,1.756294851,0.182509718,ok,ok,ok,ok,NA,0,0.001263225,0.003263485
31,136,NA,NA,NA,NA,NA,NA,NA,NA,NA,15.7,1.4,NA,0.574563977,-1.3,NA,NA,NA,NA,NA,NA,15.56828246,1.4,NA,NA,0,NA,NA,NA,NA,NA,NA,15.56828246,NA,NA,NA,0,NA,NA,NA,NA,NA,NA,NA,NA,15.56828246,1.4,NA,NA,0,NA,NA,NA,NA,NA,15.56828246,NA,NA,NA,0,NA,NA,NA,NA,NA,136,ACJ-01,15.7,15.56828246,15.56828246,15.56828246,15.56828246,1.57,1.556828246,1.556828246,1.556828246,1.556828246,0,ok,ok,ok,ok,NA,-0.0013865,0,0
32,137,NA,NA,NA,NA,NA,NA,NA,NA,NA,33.9,1.4,NA,0.639235707,-2.8,NA,NA,NA,NA,NA,NA,33.61630069,1.4,NA,NA,-2.68,NA,NA,NA,NA,NA,NA,33.34475991,NA,NA,NA,-3.14,NA,NA,NA,NA,NA,NA,NA,NA,33.0266114,1.4,NA,NA,-3.5,NA,NA,NA,NA,NA,32.67198725,NA,NA,NA,-3.5,NA,NA,NA,NA,NA,137,ACJ-01,33.9,33.61630069,33.34475991,33.0266114,32.67198725,3.39,3.361630069,3.334475991,3.30266114,3.267198725,-0.168101058,ok,ok,ok,ok,NA,-0.002986309,-0.003526504,-0.003699401
33,143,NA,NA,NA,NA,NA,NA,NA,NA,NA,11,1.45,NA,0.59980802,-0.9,NA,NA,NA,NA,NA,NA,10.90881093,1.45,NA,NA,0,NA,NA,NA,NA,NA,NA,10.90881093,NA,NA,NA,0.9,NA,NA,NA,NA,NA,NA,NA,NA,11,1.45,NA,NA,2.05,NA,NA,NA,NA,NA,11.20770843,NA,NA,NA,2.05,NA,NA,NA,NA,NA,143,ACJ-01,11,10.90881093,10.90881093,11,11.20770843,1.1,1.090881093,1.090881093,1.1,1.120770843,0.098459191,ok,ok,ok,ok,NA,-0.000959885,0,0.001060338
34,144,NA,NA,NA,NA,NA,NA,NA,NA,NA,17,1.4,NA,0.639235707,-0.9,NA,NA,NA,NA,NA,NA,16.90881093,1.4,NA,NA,0,NA,NA,NA,NA,NA,NA,16.90881093,NA,NA,NA,0,NA,NA,NA,NA,NA,NA,NA,NA,16.90881093,1.4,NA,NA,0,NA,NA,NA,NA,NA,16.90881093,NA,NA,NA,0,NA,NA,NA,NA,NA,144,ACJ-01,17,16.90881093,16.90881093,16.90881093,16.90881093,1.7,1.690881093,1.690881093,1.690881093,1.690881093,0,ok,ok,ok,ok,NA,-0.000959885,0,0
35,155,NA,NA,NA,NA,NA,NA,NA,NA,NA,22.9,1.4,NA,0.574563977,-1.6,NA,NA,NA,NA,NA,NA,22.73788611,1.4,NA,NA,0,NA,NA,NA,NA,NA,NA,22.73788611,NA,NA,NA,0,NA,NA,NA,NA,NA,NA,NA,NA,22.73788611,1.4,NA,NA,-1.46,NA,NA,NA,NA,NA,22.58995718,NA,NA,NA,-1.46,NA,NA,NA,NA,NA,155,ACJ-01,22.9,22.73788611,22.73788611,22.73788611,22.58995718,2.29,2.273788611,2.273788611,2.273788611,2.258995718,-0.070122155,ok,ok,ok,ok,NA,-0.001706462,0,0
36,158,NA,NA,NA,NA,NA,NA,NA,NA,NA,19.2,1.4,NA,0.59980802,-0.9,NA,NA,NA,NA,NA,NA,19.10881093,1.4,NA,NA,0,NA,NA,NA,NA,NA,NA,19.10881093,NA,NA,NA,0,NA,NA,NA,NA,NA,NA,NA,NA,19.10881093,1.4,NA,NA,0,NA,NA,NA,NA,NA,19.10881093,NA,NA,NA,0,NA,NA,NA,NA,NA,158,ACJ-01,19.2,19.10881093,19.10881093,19.10881093,19.10881093,1.92,1.910881093,1.910881093,1.910881093,1.910881093,0,ok,ok,ok,ok,NA,-0.000959885,0,0
37,159,NA,NA,NA,NA,NA,NA,NA,NA,NA,17.8,1.4,NA,0.59980802,0,NA,NA,NA,NA,NA,NA,17.8,1.4,NA,NA,1.52,NA,NA,NA,NA,NA,NA,17.9540082,NA,NA,NA,3.5,NA,NA,NA,NA,NA,NA,NA,NA,18.30863234,1.4,NA,NA,5.66,NA,NA,NA,NA,NA,18.88211024,NA,NA,NA,5.66,NA,NA,NA,NA,NA,159,ACJ-01,17.8,17.8,17.9540082,18.30863234,18.88211024,1.78,1.78,1.79540082,1.830863234,1.888211024,0.27184342,ok,ok,ok,ok,NA,0,0.002000106,0.004123537
38,162,NA,NA,NA,NA,NA,NA,NA,NA,NA,17.2,1.35,NA,0.574563977,0,NA,NA,NA,NA,NA,NA,17.2,1.35,NA,NA,1.58,NA,NA,NA,NA,NA,NA,17.36008747,NA,NA,NA,4.3,NA,NA,NA,NA,NA,NA,NA,NA,17.79576856,1.35,NA,NA,7.15,NA,NA,NA,NA,NA,18.52021502,NA,NA,NA,7.15,NA,NA,NA,NA,NA,162,ACJ-01,17.2,17.2,17.36008747,17.79576856,18.52021502,1.72,1.72,1.736008747,1.779576856,1.852021502,0.343406439,ok,ok,ok,ok,NA,0,0.002079058,0.005066059
39,163,NA,NA,NA,NA,NA,NA,NA,NA,NA,30.8,1.4,NA,0.59980802,2.95,NA,NA,NA,NA,NA,NA,31.09889749,1.4,NA,NA,6.05,NA,NA,NA,NA,NA,NA,31.71189065,NA,NA,NA,10.3,NA,NA,NA,NA,NA,NA,NA,NA,32.75549884,1.4,NA,NA,14.2,NA,NA,NA,NA,NA,34.19425965,NA,NA,NA,14.2,NA,NA,NA,NA,NA,163,ACJ-01,30.8,31.09889749,31.71189065,32.75549884,34.19425965,3.08,3.109889749,3.171189065,3.275549884,3.419425965,0.682009994,ok,ok,ok,ok,NA,0.003146289,0.00796095,0.012134979
40,168,NA,NA,NA,NA,NA,NA,NA,NA,NA,31.4,1.35,NA,0.59980802,-0.6,NA,NA,NA,NA,NA,NA,31.33920729,1.35,NA,NA,0,NA,NA,NA,NA,NA,NA,31.33920729,NA,NA,NA,1.13,NA,NA,NA,NA,NA,NA,NA,NA,31.45370023,1.35,NA,NA,1.6,NA,NA,NA,NA,NA,31.61581412,NA,NA,NA,1.6,NA,NA,NA,NA,NA,168,ACJ-01,31.4,31.33920729,31.33920729,31.45370023,31.61581412,3.14,3.133920729,3.133920729,3.145370023,3.161581412,0.076846195,ok,ok,ok,ok,NA,-0.000639923,0,0.001331313
41,184,NA,NA,NA,NA,NA,NA,NA,NA,NA,16.9,1.4,NA,0.430781928,5,NA,NA,NA,NA,NA,NA,17.40660592,1.4,NA,NA,7.16,NA,NA,NA,NA,NA,NA,18.13206559,NA,NA,NA,13.25,NA,NA,NA,NA,NA,NA,NA,NA,19.47457128,1.4,NA,NA,23.85,NA,NA,NA,NA,NA,21.89108151,NA,NA,NA,23.85,NA,NA,NA,NA,NA,184,ACJ-01,16.9,17.40660592,18.13206559,19.47457128,21.89108151,1.69,1.740660592,1.813206559,1.947457128,2.189108151,1.145488616,ok,ok,ok,ok,NA,0.005332694,0.009421554,0.015610531
42,191,NA,NA,NA,NA,NA,NA,NA,NA,NA,29.2,1.4,NA,0.59980802,1.8,NA,NA,NA,NA,NA,NA,29.38237813,1.4,NA,NA,3.67,NA,NA,NA,NA,NA,NA,29.75422687,NA,NA,NA,6.5,NA,NA,NA,NA,NA,NA,NA,NA,30.41281457,1.4,NA,NA,8.85,NA,NA,NA,NA,NA,31.30950704,NA,NA,NA,8.85,NA,NA,NA,NA,NA,191,ACJ-01,29.2,29.38237813,29.75422687,30.41281457,31.30950704,2.92,2.938237813,2.975422687,3.041281457,3.130950704,0.425055521,ok,ok,ok,ok,NA,0.00191977,0.004829204,0.007657997
43,194,NA,NA,NA,NA,NA,NA,NA,NA,NA,15.3,1.4,NA,0.639235707,0,NA,NA,NA,NA,NA,NA,15.3,1.4,NA,NA,1.24,NA,NA,NA,NA,NA,NA,15.42563827,NA,NA,NA,2.1,NA,NA,NA,NA,NA,NA,NA,NA,15.63841275,1.4,NA,NA,2.4,NA,NA,NA,NA,NA,15.88158359,NA,NA,NA,2.4,NA,NA,NA,NA,NA,194,ACJ-01,15.3,15.3,15.42563827,15.63841275,15.88158359,1.53,1.53,1.542563827,1.563841275,1.588158359,0.115269294,ok,ok,ok,ok,NA,0,0.001631666,0.002474122
44,199,NA,NA,NA,NA,NA,NA,NA,NA,NA,19.5,1.4,NA,0.540014578,0,NA,NA,NA,NA,NA,NA,19.5,1.4,NA,NA,0,NA,NA,NA,NA,NA,NA,19.5,NA,NA,NA,0,NA,NA,NA,NA,NA,NA,NA,NA,19.5,1.4,NA,NA,1.25,NA,NA,NA,NA,NA,19.62665148,NA,NA,NA,1.25,NA,NA,NA,NA,NA,199,ACJ-01,19.5,19.5,19.5,19.5,19.62665148,1.95,1.95,1.95,1.95,1.962665148,0.060036091,ok,ok,ok,ok,NA,0,0,0
45,200,NA,NA,NA,NA,NA,NA,NA,NA,NA,19.3,1.5,NA,0.540014578,0,NA,NA,NA,NA,NA,NA,19.3,1.5,NA,NA,0,NA,NA,NA,NA,NA,NA,19.3,NA,NA,NA,0.2,NA,NA,NA,NA,NA,NA,NA,NA,19.32026424,1.5,NA,NA,1.85,NA,NA,NA,NA,NA,19.50770843,NA,NA,NA,1.85,NA,NA,NA,NA,NA,200,ACJ-01,19.3,19.3,19.3,19.32026424,19.50770843,1.93,1.93,1.93,1.932026424,1.950770843,0.088853415,ok,ok,ok,ok,NA,0,0,0.000235631
46,211,NA,NA,NA,NA,NA,NA,NA,NA,NA,19.3,1.4,NA,0.639235707,-0.3,NA,NA,NA,NA,NA,NA,19.26960364,1.4,NA,NA,0,NA,NA,NA,NA,NA,NA,19.26960364,NA,NA,NA,0,NA,NA,NA,NA,NA,NA,NA,NA,19.26960364,1.4,NA,NA,0,NA,NA,NA,NA,NA,19.26960364,NA,NA,NA,0,NA,NA,NA,NA,NA,211,ACJ-01,19.3,19.26960364,19.26960364,19.26960364,19.26960364,1.93,1.926960364,1.926960364,1.926960364,1.926960364,0,ok,ok,ok,ok,NA,-0.000319962,0,0
47,215,NA,NA,NA,NA,NA,NA,NA,NA,NA,15.8,1.4,NA,0.59980802,0.9,NA,NA,NA,NA,NA,NA,15.89118907,1.4,NA,NA,0,NA,NA,NA,NA,NA,NA,15.89118907,NA,NA,NA,1.8,NA,NA,NA,NA,NA,NA,NA,NA,16.0735672,1.4,NA,NA,2.5,NA,NA,NA,NA,NA,16.32687015,NA,NA,NA,2.5,NA,NA,NA,NA,NA,215,ACJ-01,15.8,15.89118907,15.89118907,16.0735672,16.32687015,1.58,1.589118907,1.589118907,1.60735672,1.632687015,0.120072178,ok,ok,ok,ok,NA,0.000959885,0,0.002120676
48,229,NA,NA,NA,NA,NA,NA,NA,NA,NA,20.3,1.4,NA,0.574563977,-1,NA,NA,NA,NA,NA,NA,20.19867882,1.4,NA,NA,-1.38,NA,NA,NA,NA,NA,NA,20.05885558,NA,NA,NA,-1.92,NA,NA,NA,NA,NA,NA,NA,NA,19.86431891,1.4,NA,NA,0,NA,NA,NA,NA,NA,19.86431891,NA,NA,NA,0,NA,NA,NA,NA,NA,229,ACJ-01,20.3,20.19867882,20.05885558,19.86431891,19.86431891,2.03,2.019867882,2.005885558,1.986431891,1.986431891,0,ok,ok,ok,ok,NA,-0.001066539,-0.001815886,-0.002262054
49,232,NA,NA,NA,NA,NA,NA,NA,NA,NA,15.7,1.4,NA,0.540014578,2.9,NA,NA,NA,NA,NA,NA,15.99383143,1.4,NA,NA,5.9,NA,NA,NA,NA,NA,NA,16.59162642,NA,NA,NA,6.65,NA,NA,NA,NA,NA,NA,NA,NA,17.26541229,1.4,NA,NA,8.45,NA,NA,NA,NA,NA,18.12157629,NA,NA,NA,8.45,NA,NA,NA,NA,NA,232,ACJ-01,15.7,15.99383143,16.59162642,17.26541229,18.12157629,1.57,1.599383143,1.659162642,1.726541229,1.812157629,0.405843974,ok,ok,ok,ok,NA,0.003092962,0.007763571,0.007834719
50,239,NA,NA,NA,NA,NA,NA,NA,NA,NA,17.8,1.35,NA,0.540014578,0,NA,NA,NA,NA,NA,NA,17.8,1.35,NA,NA,0,NA,NA,NA,NA,NA,NA,17.8,NA,NA,NA,1.2,NA,NA,NA,NA,NA,NA,NA,NA,17.92158542,1.35,NA,NA,-2.04,NA,NA,NA,NA,NA,17.71489021,NA,NA,NA,-2.04,NA,NA,NA,NA,NA,239,ACJ-01,17.8,17.8,17.8,17.92158542,17.71489021,1.78,1.78,1.78,1.792158542,1.771489021,-0.097978898,ok,ok,ok,ok,NA,0,0,0.001413784
51,240,NA,NA,NA,NA,NA,NA,NA,NA,NA,22.1,1.5,NA,0.574563977,-0.7,NA,NA,NA,NA,NA,NA,22.02907517,1.5,NA,NA,0,NA,NA,NA,NA,NA,NA,22.02907517,NA,NA,NA,-1.7,NA,NA,NA,NA,NA,NA,NA,NA,21.85682916,1.5,NA,NA,-1.02,NA,NA,NA,NA,NA,21.75348155,NA,NA,NA,-1.02,NA,NA,NA,NA,NA,240,ACJ-01,22.1,22.02907517,22.02907517,21.85682916,21.75348155,2.21,2.202907517,2.202907517,2.185682916,2.175348155,-0.048989451,ok,ok,ok,ok,NA,-0.000746577,0,-0.002002861
52,244,NA,NA,NA,NA,NA,NA,NA,NA,NA,11.6,1.4,NA,0.59980802,NA,NA,NA,NA,NA,NA,NA,#¡VALOR!,1.4,NA,NA,NA,NA,NA,NA,NA,NA,NA,#¡VALOR!,NA,NA,NA,NA,NA,NA,NA,NA,NA,NA,NA,NA,#¡VALOR!,1.4,NA,NA,NA,NA,NA,NA,NA,NA,#¡VALOR!,NA,NA,NA,NA,NA,NA,NA,NA,NA,244,ACJ-01,11.6,#¡VALOR!,#¡VALOR!,#¡VALOR!,#¡VALOR!,1.16,NA,NA,NA,NA,NA,ok,ok,ok,ok,NA,#¡VALOR!,#¡VALOR!,#¡VALOR!
53,249,NA,NA,NA,NA,NA,NA,NA,NA,NA,10.1,1.4,NA,0.574563977,0,NA,NA,NA,NA,NA,NA,10.1,1.4,NA,NA,NA,NA,NA,NA,NA,NA,NA,10.1,NA,NA,NA,0,NA,NA,NA,NA,NA,NA,NA,NA,10.1,1.4,NA,NA,0.86,NA,NA,NA,NA,NA,10.18713622,NA,NA,NA,0.86,NA,NA,NA,NA,NA,249,ACJ-01,10.1,10.1,10.1,10.1,10.18713622,1.01,1.01,1.01,1.01,1.018713622,0.041304832,ok,ok,ok,ok,NA,0,0,0
54,255,NA,NA,NA,NA,NA,NA,NA,NA,NA,13.4,1.4,NA,0.59980802,0,NA,NA,NA,NA,NA,NA,13.4,1.4,NA,NA,NA,NA,NA,NA,NA,NA,NA,13.4,NA,NA,NA,0,NA,NA,NA,NA,NA,NA,NA,NA,13.4,1.4,NA,NA,1.44,NA,NA,NA,NA,NA,13.5459025,NA,NA,NA,1.44,NA,NA,NA,NA,NA,255,ACJ-01,13.4,13.4,13.4,13.4,13.5459025,1.34,1.34,1.34,1.34,1.35459025,0.069161575,ok,ok,ok,ok,NA,0,0,0
55,261,NA,NA,NA,NA,NA,NA,NA,NA,NA,13.3,1.4,NA,0.639235707,-1.38,NA,NA,NA,NA,NA,NA,13.16017677,1.4,NA,NA,NA,NA,NA,NA,NA,NA,NA,13.16017677,NA,NA,NA,-1.38,NA,NA,NA,NA,NA,NA,NA,NA,13.02035353,1.4,NA,NA,-2.44,NA,NA,NA,NA,NA,12.77312985,NA,NA,NA,-2.44,NA,NA,NA,NA,NA,261,ACJ-01,13.3,13.16017677,13.16017677,13.02035353,12.77312985,1.33,1.316017677,1.316017677,1.302035353,1.277312985,-0.117190446,ok,ok,ok,ok,NA,-0.001471823,0,-0.001625852
56,273,NA,NA,NA,NA,NA,NA,NA,NA,NA,13.6,1.35,NA,0.59980802,7.78,NA,NA,NA,NA,NA,NA,14.38827881,1.35,NA,NA,NA,NA,NA,NA,NA,NA,NA,14.38827881,NA,NA,NA,7.78,NA,NA,NA,NA,NA,NA,NA,NA,15.17655762,1.35,NA,NA,7.76,NA,NA,NA,NA,NA,15.96281,NA,NA,NA,7.76,NA,NA,NA,NA,NA,273,ACJ-01,13.6,14.38827881,14.38827881,15.17655762,15.96281,1.36,1.438827881,1.438827881,1.517655762,1.596281,0.37270405,ok,ok,ok,ok,NA,0.008297672,0,0.009166033
57,277,NA,NA,NA,NA,NA,NA,NA,NA,NA,18.1,1.35,NA,0.540014578,9.65,NA,NA,NA,NA,NA,NA,19.07774942,1.35,NA,NA,NA,NA,NA,NA,NA,NA,NA,19.07774942,NA,NA,NA,9.65,NA,NA,NA,NA,NA,NA,NA,NA,20.05549884,1.35,NA,NA,14.7,NA,NA,NA,NA,NA,21.54492024,NA,NA,NA,14.7,NA,NA,NA,NA,NA,277,ACJ-01,18.1,19.07774942,19.07774942,20.05549884,21.54492024,1.81,1.907774942,1.907774942,2.005549884,2.154492024,0.70602443,ok,ok,ok,ok,NA,0.010292099,0,0.011369179
58,286,NA,NA,NA,NA,NA,NA,NA,NA,NA,10.8,1.4,NA,0.574563977,0,NA,NA,NA,NA,NA,NA,10.8,1.4,NA,NA,NA,NA,NA,NA,NA,NA,NA,10.8,NA,NA,NA,0,NA,NA,NA,NA,NA,NA,NA,NA,10.8,1.4,NA,NA,0,NA,NA,NA,NA,NA,10.8,NA,NA,NA,0,NA,NA,NA,NA,NA,286,ACJ-01,10.8,10.8,10.8,10.8,10.8,1.08,1.08,1.08,1.08,1.08,0,ok,ok,ok,ok,NA,0,0,0
59,300,NA,NA,NA,NA,NA,NA,NA,NA,NA,42.6,1.4,NA,0.540014578,1.8,NA,NA,NA,NA,NA,NA,42.78237813,1.4,NA,NA,NA,NA,NA,NA,NA,NA,NA,42.78237813,NA,NA,NA,1.8,NA,NA,NA,NA,NA,NA,NA,NA,42.96475626,1.4,NA,NA,3.5,NA,NA,NA,NA,NA,43.3193804,NA,NA,NA,3.5,NA,NA,NA,NA,NA,300,ACJ-01,42.6,42.78237813,42.78237813,42.96475626,43.3193804,4.26,4.278237813,4.278237813,4.296475626,4.33193804,0.168101053,ok,ok,ok,ok,NA,0.00191977,0,0.002120676
60,301,NA,NA,NA,NA,NA,NA,NA,NA,NA,18.2,1.4,NA,0.540014578,-1,NA,NA,NA,NA,NA,NA,18.09867882,1.4,NA,NA,NA,NA,NA,NA,NA,NA,NA,18.09867882,NA,NA,NA,-1,NA,NA,NA,NA,NA,NA,NA,NA,17.99735763,1.4,NA,NA,-0.65,NA,NA,NA,NA,NA,17.93149886,NA,NA,NA,-0.65,NA,NA,NA,NA,NA,301,ACJ-01,18.2,18.09867882,18.09867882,17.99735763,17.93149886,1.82,1.809867882,1.809867882,1.799735763,1.793149886,-0.031218768,ok,ok,ok,ok,NA,-0.001066539,0,-0.001178153
61,302,NA,NA,NA,NA,NA,NA,NA,NA,NA,11.2,1.4,NA,0.59980802,3.6,NA,NA,NA,NA,NA,NA,11.56475626,1.4,NA,NA,NA,NA,NA,NA,NA,NA,NA,11.56475626,NA,NA,NA,3.6,NA,NA,NA,NA,NA,NA,NA,NA,11.92951252,1.4,NA,NA,4.8,NA,NA,NA,NA,NA,12.4158542,NA,NA,NA,4.8,NA,NA,NA,NA,NA,302,ACJ-01,11.2,11.56475626,11.56475626,11.92951252,12.4158542,1.12,1.156475626,1.156475626,1.192951252,1.24158542,0.230538589,ok,ok,ok,ok,NA,0.00383954,0,0.004241352
62,305,NA,NA,NA,NA,NA,NA,NA,NA,NA,12.6,1.4,NA,0.532941853,-3.2,NA,NA,NA,NA,NA,NA,12.27577221,1.4,NA,NA,NA,NA,NA,NA,NA,NA,NA,12.27577221,NA,NA,NA,-3.2,NA,NA,NA,NA,NA,NA,NA,NA,11.95154442,1.4,NA,NA,-2.56,NA,NA,NA,NA,NA,11.69216219,NA,NA,NA,-2.56,NA,NA,NA,NA,NA,305,ACJ-01,12.6,12.27577221,12.27577221,11.95154442,11.69216219,1.26,1.227577221,1.227577221,1.195154442,1.169216219,-0.122953914,ok,ok,ok,ok,NA,-0.003412924,0,-0.003770091
63,306,NA,NA,NA,NA,NA,NA,NA,NA,NA,13.9,1.4,NA,0.59980802,3.12,NA,NA,NA,NA,NA,NA,14.21612209,1.4,NA,NA,NA,NA,NA,NA,NA,NA,NA,14.21612209,NA,NA,NA,3.12,NA,NA,NA,NA,NA,NA,NA,NA,14.53224419,1.4,NA,NA,1.8,NA,NA,NA,NA,NA,14.71462232,NA,NA,NA,1.8,NA,NA,NA,NA,NA,306,ACJ-01,13.9,14.21612209,14.21612209,14.53224419,14.71462232,1.39,1.421612209,1.421612209,1.453224419,1.471462232,0.086451971,ok,ok,ok,ok,NA,0.003327601,0,0.003675838
64,307,NA,NA,NA,NA,NA,NA,NA,NA,NA,15.5,1.5,NA,0.59980802,-1.68,NA,NA,NA,NA,NA,NA,15.32978041,1.5,NA,NA,NA,NA,NA,NA,NA,NA,NA,15.32978041,NA,NA,NA,-1.68,NA,NA,NA,NA,NA,NA,NA,NA,15.15956082,1.5,NA,NA,-1.16,NA,NA,NA,NA,NA,15.04202825,NA,NA,NA,-1.16,NA,NA,NA,NA,NA,307,ACJ-01,15.5,15.32978041,15.32978041,15.15956082,15.04202825,1.55,1.532978041,1.532978041,1.515956082,1.504202825,-0.055713491,ok,ok,ok,ok,NA,-0.001791785,0,-0.001979298
65,310,NA,NA,NA,NA,NA,NA,NA,NA,NA,10.3,1.4,NA,0.574563977,2,NA,NA,NA,NA,NA,NA,10.50264237,1.4,NA,NA,NA,NA,NA,NA,NA,NA,NA,10.50264237,NA,NA,NA,2,NA,NA,NA,NA,NA,NA,NA,NA,10.70528473,1.4,NA,NA,3.08,NA,NA,NA,NA,NA,11.01735398,NA,NA,NA,3.08,NA,NA,NA,NA,NA,310,ACJ-01,10.3,10.50264237,10.50264237,10.70528473,11.01735398,1.03,1.050264237,1.050264237,1.070528473,1.101735398,0.14792893,ok,ok,ok,ok,NA,0.002133078,0,0.002356307
66,317,NA,NA,NA,NA,NA,NA,NA,NA,NA,22.5,1.35,NA,0.574563977,0,NA,NA,NA,NA,NA,NA,22.5,1.35,NA,NA,NA,NA,NA,NA,NA,NA,NA,22.5,NA,NA,NA,0,NA,NA,NA,NA,NA,NA,NA,NA,22.5,1.35,NA,NA,1.62,NA,NA,NA,NA,NA,22.66414032,NA,NA,NA,1.62,NA,NA,NA,NA,NA,317,ACJ-01,22.5,22.5,22.5,22.5,22.66414032,2.25,2.25,2.25,2.25,2.266414032,0.077806775,ok,ok,ok,ok,NA,0,0,0
67,319,NA,NA,NA,NA,NA,NA,NA,NA,NA,13.8,1.4,NA,0.574563977,0,NA,NA,NA,NA,NA,NA,13.8,1.4,NA,NA,NA,NA,NA,NA,NA,NA,NA,13.8,NA,NA,NA,0,NA,NA,NA,NA,NA,NA,NA,NA,13.8,1.4,NA,NA,0,NA,NA,NA,NA,NA,13.8,NA,NA,NA,0,NA,NA,NA,NA,NA,319,ACJ-01,13.8,13.8,13.8,13.8,13.8,1.38,1.38,1.38,1.38,1.38,0,ok,ok,ok,ok,NA,0,0,0
68,320,NA,NA,NA,NA,NA,NA,NA,NA,NA,18.1,1.35,NA,0.59980802,1.3,NA,NA,NA,NA,NA,NA,18.23171754,1.35,NA,NA,NA,NA,NA,NA,NA,NA,NA,18.23171754,NA,NA,NA,1.3,NA,NA,NA,NA,NA,NA,NA,NA,18.36343508,1.35,NA,NA,2.36,NA,NA,NA,NA,NA,18.60255307,NA,NA,NA,2.36,NA,NA,NA,NA,NA,320,ACJ-01,18.1,18.23171754,18.23171754,18.36343508,18.60255307,1.81,1.823171754,1.823171754,1.836343508,1.860255307,0.113348138,ok,ok,ok,ok,NA,0.0013865,0,0.001531599
69,324,NA,NA,NA,NA,NA,NA,NA,NA,NA,19,1.35,NA,0.59980802,0,NA,NA,NA,NA,NA,NA,19,1.35,NA,NA,NA,NA,NA,NA,NA,NA,NA,19,NA,NA,NA,0,NA,NA,NA,NA,NA,NA,NA,NA,19,1.35,NA,NA,1.16,NA,NA,NA,NA,NA,19.11753257,NA,NA,NA,1.16,NA,NA,NA,NA,NA,324,ACJ-01,19,19,19,19,19.11753257,1.9,1.9,1.9,1.9,1.911753257,0.055713491,ok,ok,ok,ok,NA,0,0,0
70,330,NA,NA,NA,NA,NA,NA,NA,NA,NA,19.9,1.45,NA,0.59980802,-2.1,NA,NA,NA,NA,NA,NA,19.68722551,1.45,NA,NA,NA,NA,NA,NA,NA,NA,NA,19.68722551,NA,NA,NA,-2.1,NA,NA,NA,NA,NA,NA,NA,NA,19.47445103,1.45,NA,NA,-1.84,NA,NA,NA,NA,NA,19.28802005,NA,NA,NA,-1.84,NA,NA,NA,NA,NA,330,ACJ-01,19.9,19.68722551,19.68722551,19.47445103,19.28802005,1.99,1.968722551,1.968722551,1.947445103,1.928802005,-0.088373127,ok,ok,ok,ok,NA,-0.002239731,0,-0.002474122
71,334,NA,NA,NA,NA,NA,NA,NA,NA,NA,19.4,1.4,NA,0.540014578,3.21,NA,NA,NA,NA,NA,NA,19.725241,1.4,NA,NA,NA,NA,NA,NA,NA,NA,NA,19.725241,NA,NA,NA,3.21,NA,NA,NA,NA,NA,NA,NA,NA,20.050482,1.4,NA,NA,4.76,NA,NA,NA,NA,NA,20.53277083,NA,NA,NA,4.76,NA,NA,NA,NA,NA,334,ACJ-01,19.4,19.725241,19.725241,20.050482,20.53277083,1.94,1.9725241,1.9725241,2.0050482,2.053277083,0.228617432,ok,ok,ok,ok,NA,0.003423589,0,0.003781872
72,335,NA,NA,NA,NA,NA,NA,NA,NA,NA,22.6,1.4,NA,0.59980802,-3.49,NA,NA,NA,NA,NA,NA,22.24638907,1.4,NA,NA,NA,NA,NA,NA,NA,NA,NA,22.24638907,NA,NA,NA,-3.49,NA,NA,NA,NA,NA,NA,NA,NA,21.89277814,1.4,NA,NA,-2.54,NA,NA,NA,NA,NA,21.63542233,NA,NA,NA,-2.54,NA,NA,NA,NA,NA,335,ACJ-01,22.6,22.24638907,22.24638907,21.89277814,21.63542233,2.26,2.224638907,2.224638907,2.189277814,2.163542233,-0.121993339,ok,ok,ok,ok,NA,-0.00372222,0,-0.004111755
73,342,NA,NA,NA,NA,NA,NA,NA,NA,NA,13.4,1.4,NA,0.574563977,0,NA,NA,NA,NA,NA,NA,13.4,1.4,NA,NA,NA,NA,NA,NA,NA,NA,NA,13.4,NA,NA,NA,0,NA,NA,NA,NA,NA,NA,NA,NA,13.4,1.4,NA,NA,0,NA,NA,NA,NA,NA,13.4,NA,NA,NA,0,NA,NA,NA,NA,NA,342,ACJ-01,13.4,13.4,13.4,13.4,13.4,1.34,1.34,1.34,1.34,1.34,0,ok,ok,ok,ok,NA,0,0,0
74,346,NA,NA,NA,NA,NA,NA,NA,NA,NA,12.1,1.4,NA,0.59980802,0,NA,NA,NA,NA,NA,NA,12.1,1.4,NA,NA,NA,NA,NA,NA,NA,NA,NA,12.1,NA,NA,NA,0,NA,NA,NA,NA,NA,NA,NA,NA,12.1,1.4,NA,NA,-0.25,NA,NA,NA,NA,NA,12.0746697,NA,NA,NA,-0.25,NA,NA,NA,NA,NA,346,ACJ-01,12.1,12.1,12.1,12.1,12.0746697,1.21,1.21,1.21,1.21,1.20746697,-0.01200722,ok,ok,ok,ok,NA,0,0,0
75,349,NA,NA,NA,NA,NA,NA,NA,NA,NA,19,1.4,NA,0.574563977,2.52,NA,NA,NA,NA,NA,NA,19.25532938,1.4,NA,NA,NA,NA,NA,NA,NA,NA,NA,19.25532938,NA,NA,NA,2.52,NA,NA,NA,NA,NA,NA,NA,NA,19.51065877,1.4,NA,NA,3.9,NA,NA,NA,NA,NA,19.90581138,NA,NA,NA,3.9,NA,NA,NA,NA,NA,349,ACJ-01,19,19.25532938,19.25532938,19.51065877,19.90581138,1.9,1.925532938,1.925532938,1.951065877,1.990581138,0.187312601,ok,ok,ok,ok,NA,0.002687678,0,0.002968946
76,365,NA,NA,NA,NA,NA,NA,NA,NA,NA,15.4,1.4,NA,0.574563977,5,NA,NA,NA,NA,NA,NA,15.90660592,1.4,NA,NA,NA,NA,NA,NA,NA,NA,NA,15.90660592,NA,NA,NA,5,NA,NA,NA,NA,NA,NA,NA,NA,16.41321184,1.4,NA,NA,5.95,NA,NA,NA,NA,NA,17.01607288,NA,NA,NA,5.95,NA,NA,NA,NA,NA,365,ACJ-01,15.4,15.90660592,15.90660592,16.41321184,17.01607288,1.54,1.590660592,1.590660592,1.641321184,1.701607288,0.285771792,ok,ok,ok,ok,NA,0.005332694,0,0.005890767
77,367,NA,NA,NA,NA,NA,NA,NA,NA,NA,10.4,1.4,NA,0.59980802,0,NA,NA,NA,NA,NA,NA,10.4,1.4,NA,NA,NA,NA,NA,NA,NA,NA,NA,10.4,NA,NA,NA,0,NA,NA,NA,NA,NA,NA,NA,NA,10.4,1.4,NA,NA,1,NA,NA,NA,NA,NA,10.50132118,NA,NA,NA,1,NA,NA,NA,NA,NA,367,ACJ-01,10.4,10.4,10.4,10.4,10.50132118,1.04,1.04,1.04,1.04,1.050132118,0.048028871,ok,ok,ok,ok,NA,0,0,0
78,368,NA,NA,NA,NA,NA,NA,NA,NA,NA,19.6,1.4,NA,0.59980802,9.4,NA,NA,NA,NA,NA,NA,20.55241913,1.4,NA,NA,NA,NA,NA,NA,NA,NA,NA,20.55241913,NA,NA,NA,9.4,NA,NA,NA,NA,NA,NA,NA,NA,21.50483825,1.4,NA,NA,11.15,NA,NA,NA,NA,NA,22.63456945,NA,NA,NA,11.15,NA,NA,NA,NA,NA,368,ACJ-01,19.6,20.55241913,20.55241913,21.50483825,22.63456945,1.96,2.055241913,2.055241913,2.150483825,2.263456945,0.535521932,ok,ok,ok,ok,NA,0.010025465,0,0.011074641
79,370,NA,NA,NA,NA,NA,NA,NA,NA,NA,19.3,1.35,NA,0.574563977,2.5,NA,NA,NA,NA,NA,NA,19.55330296,1.35,NA,NA,NA,NA,NA,NA,NA,NA,NA,19.55330296,NA,NA,NA,2.5,NA,NA,NA,NA,NA,NA,NA,NA,19.80660592,1.35,NA,NA,3.45,NA,NA,NA,NA,NA,20.156164,NA,NA,NA,3.45,NA,NA,NA,NA,NA,370,ACJ-01,19.3,19.55330296,19.55330296,19.80660592,20.156164,1.93,1.955330296,1.955330296,1.980660592,2.0156164,0.165699609,ok,ok,ok,ok,NA,0.002666347,0,0.002945383
80,371,NA,NA,NA,NA,NA,NA,NA,NA,NA,12,1.4,NA,0.574563977,4,NA,NA,NA,NA,NA,NA,12.40528473,1.4,NA,NA,NA,NA,NA,NA,NA,NA,NA,12.40528473,NA,NA,NA,4,NA,NA,NA,NA,NA,NA,NA,NA,12.81056947,1.4,NA,NA,5.75,NA,NA,NA,NA,NA,13.39316628,NA,NA,NA,5.75,NA,NA,NA,NA,NA,371,ACJ-01,12,12.40528473,12.40528473,12.81056947,13.39316628,1.2,1.240528473,1.240528473,1.281056947,1.339316628,0.27616602,ok,ok,ok,ok,NA,0.004266155,0,0.004712613
81,376,NA,NA,NA,NA,NA,NA,NA,NA,NA,14.6,1.4,NA,0.430781928,1.1,NA,NA,NA,NA,NA,NA,14.7114533,1.4,NA,NA,NA,NA,NA,NA,NA,NA,NA,14.7114533,NA,NA,NA,1.1,NA,NA,NA,NA,NA,NA,NA,NA,14.8229066,1.4,NA,NA,1.35,NA,NA,NA,NA,NA,14.9596902,NA,NA,NA,1.35,NA,NA,NA,NA,NA,376,ACJ-01,14.6,14.7114533,14.7114533,14.8229066,14.9596902,1.46,1.47114533,1.47114533,1.48229066,1.49596902,0.064838979,ok,ok,ok,ok,NA,0.001173193,0,0.001295969
82,378,NA,NA,NA,NA,NA,NA,NA,NA,NA,22.2,1.4,NA,0.574563977,0.91,NA,NA,NA,NA,NA,NA,22.29220228,1.4,NA,NA,NA,NA,NA,NA,NA,NA,NA,22.29220228,NA,NA,NA,0.91,NA,NA,NA,NA,NA,NA,NA,NA,22.38440455,1.4,NA,NA,0.1,NA,NA,NA,NA,NA,22.39453667,NA,NA,NA,0.1,NA,NA,NA,NA,NA,378,ACJ-01,22.2,22.29220228,22.29220228,22.38440455,22.39453667,2.22,2.229220228,2.229220228,2.238440455,2.239453667,0.004802888,ok,ok,ok,ok,NA,0.00097055,0,0.001072119
83,379,NA,NA,NA,NA,NA,NA,NA,NA,NA,11.6,1.4,NA,0.574563977,1.98,NA,NA,NA,NA,NA,NA,11.80061594,1.4,NA,NA,NA,NA,NA,NA,NA,NA,NA,11.80061594,NA,NA,NA,1.98,NA,NA,NA,NA,NA,NA,NA,NA,12.00123189,1.4,NA,NA,2.3,NA,NA,NA,NA,NA,12.23427061,NA,NA,NA,2.3,NA,NA,NA,NA,NA,379,ACJ-01,11.6,11.80061594,11.80061594,12.00123189,12.23427061,1.16,1.180061594,1.180061594,1.200123189,1.223427061,0.110466406,ok,ok,ok,ok,NA,0.002111747,0,0.002332744
84,380,NA,NA,NA,NA,NA,NA,NA,NA,NA,18,1.4,NA,0.540014578,0.2,NA,NA,NA,NA,NA,NA,18.02026424,1.4,NA,NA,NA,NA,NA,NA,NA,NA,NA,18.02026424,NA,NA,NA,0.2,NA,NA,NA,NA,NA,NA,NA,NA,18.04052847,1.4,NA,NA,2.8,NA,NA,NA,NA,NA,18.32422779,NA,NA,NA,2.8,NA,NA,NA,NA,NA,380,ACJ-01,18,18.02026424,18.02026424,18.04052847,18.32422779,1.8,1.802026424,1.802026424,1.804052847,1.832422779,0.134480846,ok,ok,ok,ok,NA,0.000213308,0,0.000235631
85,392,NA,NA,NA,NA,NA,NA,NA,NA,NA,21.5,1.35,NA,0.59980802,0.87,NA,NA,NA,NA,NA,NA,21.58814943,1.35,NA,NA,NA,NA,NA,NA,NA,NA,NA,21.58814943,NA,NA,NA,0.87,NA,NA,NA,NA,NA,NA,NA,NA,21.67629886,1.35,NA,NA,3.15,NA,NA,NA,NA,NA,21.99546059,NA,NA,NA,3.15,NA,NA,NA,NA,NA,392,ACJ-01,21.5,21.58814943,21.58814943,21.67629886,21.99546059,2.15,2.158814943,2.158814943,2.167629886,2.199546059,0.15129095,ok,ok,ok,ok,NA,0.000927889,0,0.001024993
86,396,NA,NA,NA,NA,NA,NA,NA,NA,NA,30.8,1.4,NA,0.540014578,0,NA,NA,NA,NA,NA,NA,30.8,1.4,NA,NA,NA,NA,NA,NA,NA,NA,NA,30.8,NA,NA,NA,0,NA,NA,NA,NA,NA,NA,NA,NA,30.8,1.4,NA,NA,3.75,NA,NA,NA,NA,NA,31.17995444,NA,NA,NA,3.75,NA,NA,NA,NA,NA,396,ACJ-01,30.8,30.8,30.8,30.8,31.17995444,3.08,3.08,3.08,3.08,3.117995444,0.180108274,ok,ok,ok,ok,NA,0,0,0
87,399,NA,NA,NA,NA,NA,NA,NA,NA,NA,18,1.35,NA,0.59980802,0,NA,NA,NA,NA,NA,NA,18,1.35,NA,NA,NA,NA,NA,NA,NA,NA,NA,18,NA,NA,NA,0,NA,NA,NA,NA,NA,NA,NA,NA,18,1.35,NA,NA,0,NA,NA,NA,NA,NA,18,NA,NA,NA,0,NA,NA,NA,NA,NA,399,ACJ-01,18,18,18,18,18,1.8,1.8,1.8,1.8,1.8,0,ok,ok,ok,ok,NA,0,0,0
88,400,NA,NA,NA,NA,NA,NA,NA,NA,NA,17.2,1.4,NA,0.540014578,1.9,NA,NA,NA,NA,NA,NA,17.39251025,1.4,NA,NA,NA,NA,NA,NA,NA,NA,NA,17.39251025,NA,NA,NA,1.9,NA,NA,NA,NA,NA,NA,NA,NA,17.5850205,1.4,NA,NA,3.1,NA,NA,NA,NA,NA,17.89911617,NA,NA,NA,3.1,NA,NA,NA,NA,NA,400,ACJ-01,17.2,17.39251025,17.39251025,17.5850205,17.89911617,1.72,1.739251025,1.739251025,1.75850205,1.789911617,0.148889506,ok,ok,ok,ok,NA,0.002026424,0,0.002238491
89,402,NA,NA,NA,NA,NA,NA,NA,NA,NA,17.9,1.45,NA,0.540014578,0,NA,NA,NA,NA,NA,NA,17.9,1.45,NA,NA,NA,NA,NA,NA,NA,NA,NA,17.9,NA,NA,NA,0,NA,NA,NA,NA,NA,NA,NA,NA,17.9,1.45,NA,NA,2.15,NA,NA,NA,NA,NA,18.11784054,NA,NA,NA,2.15,NA,NA,NA,NA,NA,402,ACJ-01,17.9,17.9,17.9,17.9,18.11784054,1.79,1.79,1.79,1.79,1.811784054,0.103262074,ok,ok,ok,ok,NA,0,0,0
90,417,NA,NA,NA,NA,NA,NA,NA,NA,NA,13.1,1.4,NA,0.59980802,2.5,NA,NA,NA,NA,NA,NA,13.35330296,1.4,NA,NA,NA,NA,NA,NA,NA,NA,NA,13.35330296,NA,NA,NA,2.5,NA,NA,NA,NA,NA,NA,NA,NA,13.60660592,1.4,NA,NA,0.15,NA,NA,NA,NA,NA,13.6218041,NA,NA,NA,0.15,NA,NA,NA,NA,NA,417,ACJ-01,13.1,13.35330296,13.35330296,13.60660592,13.6218041,1.31,1.335330296,1.335330296,1.360660592,1.36218041,0.007204332,ok,ok,ok,ok,NA,0.002666347,0,0.002945383
91,418,NA,NA,NA,NA,NA,NA,NA,NA,NA,18.3,1.4,NA,0.574563977,3.5,NA,NA,NA,NA,NA,NA,18.65462414,1.4,NA,NA,NA,NA,NA,NA,NA,NA,NA,18.65462414,NA,NA,NA,3.5,NA,NA,NA,NA,NA,NA,NA,NA,19.00924829,1.4,NA,NA,4.8,NA,NA,NA,NA,NA,19.49558997,NA,NA,NA,4.8,NA,NA,NA,NA,NA,418,ACJ-01,18.3,18.65462414,18.65462414,19.00924829,19.49558997,1.83,1.865462414,1.865462414,1.900924829,1.949558997,0.230538589,ok,ok,ok,ok,NA,0.003732886,0,0.004123537
92,424,NA,NA,NA,NA,NA,NA,NA,NA,NA,11.4,1.4,NA,0.574563977,3.34,NA,NA,NA,NA,NA,NA,11.73841275,1.4,NA,NA,NA,NA,NA,NA,NA,NA,NA,11.73841275,NA,NA,NA,3.34,NA,NA,NA,NA,NA,NA,NA,NA,12.07682551,1.4,NA,NA,4.75,NA,NA,NA,NA,NA,12.55810113,NA,NA,NA,4.75,NA,NA,NA,NA,NA,424,ACJ-01,11.4,11.73841275,11.73841275,12.07682551,12.55810113,1.14,1.173841275,1.173841275,1.207682551,1.255810113,0.228137145,ok,ok,ok,ok,NA,0.003562239,0,0.003935032
93,425,NA,NA,NA,NA,NA,NA,NA,NA,NA,14.5,1.4,NA,0.574563977,4.2,NA,NA,NA,NA,NA,NA,14.92554897,1.4,NA,NA,NA,NA,NA,NA,NA,NA,NA,14.92554897,NA,NA,NA,4.2,NA,NA,NA,NA,NA,NA,NA,NA,15.35109794,1.4,NA,NA,7.1,NA,NA,NA,NA,NA,16.07047835,NA,NA,NA,7.1,NA,NA,NA,NA,NA,425,ACJ-01,14.5,14.92554897,14.92554897,15.35109794,16.07047835,1.45,1.492554897,1.492554897,1.535109794,1.607047835,0.341005,ok,ok,ok,ok,NA,0.004479463,0,0.004948244
94,429,NA,NA,NA,NA,NA,NA,NA,NA,NA,19,1.4,NA,0.574563977,2.6,NA,NA,NA,NA,NA,NA,19.26343508,1.4,NA,NA,NA,NA,NA,NA,NA,NA,NA,19.26343508,NA,NA,NA,2.6,NA,NA,NA,NA,NA,NA,NA,NA,19.52687015,1.4,NA,NA,3.5,NA,NA,NA,NA,NA,19.8814943,NA,NA,NA,3.5,NA,NA,NA,NA,NA,429,ACJ-01,19,19.26343508,19.26343508,19.52687015,19.8814943,1.9,1.926343508,1.926343508,1.952687015,1.98814943,0.168101058,ok,ok,ok,ok,NA,0.002773001,0,0.003063198
95,430,NA,NA,NA,NA,NA,NA,NA,NA,NA,12.4,1.4,NA,0.574563977,0.91,NA,NA,NA,NA,NA,NA,12.49220228,1.4,NA,NA,NA,NA,NA,NA,NA,NA,NA,12.49220228,NA,NA,NA,0.91,NA,NA,NA,NA,NA,NA,NA,NA,12.58440455,1.4,NA,NA,1.1,NA,NA,NA,NA,NA,12.69585786,NA,NA,NA,1.1,NA,NA,NA,NA,NA,430,ACJ-01,12.4,12.49220228,12.49220228,12.58440455,12.69585786,1.24,1.249220228,1.249220228,1.258440455,1.269585786,0.052831764,ok,ok,ok,ok,NA,0.00097055,0,0.001072119
96,433,NA,NA,NA,NA,NA,NA,NA,NA,NA,15,1.5,NA,0.540014578,0,NA,NA,NA,NA,NA,NA,15,1.5,NA,NA,NA,NA,NA,NA,NA,NA,NA,15,NA,NA,NA,0,NA,NA,NA,NA,NA,NA,NA,NA,15,1.5,NA,NA,0,NA,NA,NA,NA,NA,15,NA,NA,NA,0,NA,NA,NA,NA,NA,433,ACJ-01,15,15,15,15,15,1.5,1.5,1.5,1.5,1.5,0,ok,ok,ok,ok,NA,0,0,0
97,419,NA,NA,NA,NA,NA,NA,NA,NA,NA,13.1,1.4,NA,0.59980802,2.16,NA,NA,NA,NA,NA,NA,13.31885376,1.4,NA,NA,NA,NA,NA,NA,NA,NA,NA,13.31885376,NA,NA,NA,2.16,NA,NA,NA,NA,NA,NA,NA,NA,13.53770751,1.4,NA,NA,3.2,NA,NA,NA,NA,NA,13.8619353,NA,NA,NA,3.2,NA,NA,NA,NA,NA,419,ACJ-01,13.1,13.31885376,13.31885376,13.53770751,13.8619353,1.31,1.331885376,1.331885376,1.353770751,1.38619353,0.153692394,ok,ok,ok,ok,NA,0.002303724,0,0.002544811
98,440,NA,NA,NA,NA,NA,NA,NA,NA,NA,26,1.4,NA,0.59980802,5.32,NA,NA,NA,NA,NA,NA,26.5390287,1.4,NA,NA,NA,NA,NA,NA,NA,NA,NA,26.5390287,NA,NA,NA,5.32,NA,NA,NA,NA,NA,NA,NA,NA,27.07805739,1.4,NA,NA,13.4,NA,NA,NA,NA,NA,28.43576125,NA,NA,NA,13.4,NA,NA,NA,NA,NA,440,ACJ-01,26,26.5390287,26.5390287,27.07805739,28.43576125,2.6,2.65390287,2.65390287,2.707805739,2.843576125,0.643586895,ok,ok,ok,ok,NA,0.005673986,0,0.006267775
99,444,NA,NA,NA,NA,NA,NA,NA,NA,NA,17.5,1.35,NA,0.59980802,13.5,NA,NA,NA,NA,NA,NA,18.86783598,1.35,NA,NA,NA,NA,NA,NA,NA,NA,NA,18.86783598,NA,NA,NA,13.5,NA,NA,NA,NA,NA,NA,NA,NA,20.23567196,1.35,NA,NA,17.8,NA,NA,NA,NA,NA,22.03918903,NA,NA,NA,17.8,NA,NA,NA,NA,NA,444,ACJ-01,17.5,18.86783598,18.86783598,20.23567196,22.03918903,1.75,1.886783598,1.886783598,2.023567196,2.203918903,0.854913936,ok,ok,ok,ok,NA,0.014398273,0,0.01590507
100,445,NA,NA,NA,NA,NA,NA,NA,NA,NA,12,1.4,NA,0.430781928,13.2,NA,NA,NA,NA,NA,NA,13.33743962,1.4,NA,NA,NA,NA,NA,NA,NA,NA,NA,13.33743962,NA,NA,NA,13.2,NA,NA,NA,NA,NA,NA,NA,NA,14.67487925,1.4,NA,NA,23.25,NA,NA,NA,NA,NA,17.03059677,NA,NA,NA,23.25,NA,NA,NA,NA,NA,445,ACJ-01,12,13.33743962,13.33743962,14.67487925,17.03059677,1.2,1.333743962,1.333743962,1.467487925,1.703059677,1.116671292,ok,ok,ok,ok,NA,0.014078312,0,0.015551624
101,446,NA,NA,NA,NA,NA,NA,NA,NA,NA,31.5,1.4,NA,0.59980802,-2.11,NA,NA,NA,NA,NA,NA,31.2862123,1.4,NA,NA,NA,NA,NA,NA,NA,NA,NA,31.2862123,NA,NA,NA,-2.11,NA,NA,NA,NA,NA,NA,NA,NA,31.07242461,1.4,NA,NA,-1.65,NA,NA,NA,NA,NA,30.90524465,NA,NA,NA,-1.65,NA,NA,NA,NA,NA,446,ACJ-01,31.5,31.2862123,31.2862123,31.07242461,30.90524465,3.15,3.12862123,3.12862123,3.107242461,3.090524465,-0.079247643,ok,ok,ok,ok,NA,-0.002250397,0,-0.002485903
102,447,NA,NA,NA,NA,NA,NA,NA,NA,NA,21.2,1.9,NA,0.574563977,0,NA,NA,NA,NA,NA,NA,21.2,1.9,NA,NA,NA,NA,NA,NA,NA,NA,NA,21.2,NA,NA,NA,0,NA,NA,NA,NA,NA,NA,NA,NA,21.2,1.9,NA,NA,1.35,NA,NA,NA,NA,NA,21.3367836,NA,NA,NA,1.35,NA,NA,NA,NA,NA,447,ACJ-01,21.2,21.2,21.2,21.2,21.3367836,2.12,2.12,2.12,2.12,2.13367836,0.064838979,ok,ok,ok,ok,NA,0,0,0
103,449,NA,NA,NA,NA,NA,NA,NA,NA,NA,11.7,1.35,NA,0.59980802,-2.4,NA,NA,NA,NA,NA,NA,11.45682916,1.35,NA,NA,NA,NA,NA,NA,NA,NA,NA,11.45682916,NA,NA,NA,-2.4,NA,NA,NA,NA,NA,NA,NA,NA,11.21365832,1.35,NA,NA,-2.25,NA,NA,NA,NA,NA,10.98568566,NA,NA,NA,-2.25,NA,NA,NA,NA,NA,449,ACJ-01,11.7,11.45682916,11.45682916,11.21365832,10.98568566,1.17,1.145682916,1.145682916,1.121365832,1.098568566,-0.108064962,ok,ok,ok,ok,NA,-0.002559693,0,-0.002827568
104,453,NA,NA,NA,NA,NA,NA,NA,NA,NA,25.9,1.35,NA,0.574563977,0,NA,NA,NA,NA,NA,NA,25.9,1.35,NA,NA,NA,NA,NA,NA,NA,NA,NA,25.9,NA,NA,NA,0,NA,NA,NA,NA,NA,NA,NA,NA,25.9,1.35,NA,NA,1.1,NA,NA,NA,NA,NA,26.0114533,NA,NA,NA,1.1,NA,NA,NA,NA,NA,453,ACJ-01,25.9,25.9,25.9,25.9,26.0114533,2.59,2.59,2.59,2.59,2.60114533,0.052831759,ok,ok,ok,ok,NA,0,0,0
105,458,NA,NA,NA,NA,NA,NA,NA,NA,NA,39.3,1.4,NA,0.59980802,0,NA,NA,NA,NA,NA,NA,39.3,1.4,NA,NA,NA,NA,NA,NA,NA,NA,NA,39.3,NA,NA,NA,0,NA,NA,NA,NA,NA,NA,NA,NA,39.3,1.4,NA,NA,-1.25,NA,NA,NA,NA,NA,39.17334852,NA,NA,NA,-1.25,NA,NA,NA,NA,NA,458,ACJ-01,39.3,39.3,39.3,39.3,39.17334852,3.93,3.93,3.93,3.93,3.917334852,-0.060036091,ok,ok,ok,ok,NA,0,0,0
106,468,NA,NA,NA,NA,NA,NA,NA,NA,NA,19.2,1.4,NA,0.59980802,2.12,NA,NA,NA,NA,NA,NA,19.41480091,1.4,NA,NA,NA,NA,NA,NA,NA,NA,NA,19.41480091,NA,NA,NA,2.12,NA,NA,NA,NA,NA,NA,NA,NA,19.62960182,1.4,NA,NA,3.7,NA,NA,NA,NA,NA,20.0044902,NA,NA,NA,3.7,NA,NA,NA,NA,NA,468,ACJ-01,19.2,19.41480091,19.41480091,19.62960182,20.0044902,1.92,1.941480091,1.941480091,1.962960182,2.00044902,0.177706829,ok,ok,ok,ok,NA,0.002261062,0,0.002497685
107,470,NA,NA,NA,NA,NA,NA,NA,NA,NA,19.9,1.4,NA,0.639235707,-1.8,NA,NA,NA,NA,NA,NA,19.71762187,1.4,NA,NA,NA,NA,NA,NA,NA,NA,NA,19.71762187,NA,NA,NA,-1.8,NA,NA,NA,NA,NA,NA,NA,NA,19.53524374,1.4,NA,NA,-0.8,NA,NA,NA,NA,NA,19.45418679,NA,NA,NA,-0.8,NA,NA,NA,NA,NA,470,ACJ-01,19.9,19.71762187,19.71762187,19.53524374,19.45418679,1.99,1.971762187,1.971762187,1.953524374,1.945418679,-0.0384231,ok,ok,ok,ok,NA,-0.00191977,0,-0.002120676
108,472,NA,NA,NA,NA,NA,NA,NA,NA,NA,12.5,1.5,NA,0.574563977,0,NA,NA,NA,NA,NA,NA,12.5,1.5,NA,NA,NA,NA,NA,NA,NA,NA,NA,12.5,NA,NA,NA,0,NA,NA,NA,NA,NA,NA,NA,NA,12.5,1.5,NA,NA,1,NA,NA,NA,NA,NA,12.60132118,NA,NA,NA,1,NA,NA,NA,NA,NA,472,ACJ-01,12.5,12.5,12.5,12.5,12.60132118,1.25,1.25,1.25,1.25,1.260132118,0.048028871,ok,ok,ok,ok,NA,0,0,0
109,474,NA,NA,NA,NA,NA,NA,NA,NA,NA,10,1.4,NA,0.59980802,0,NA,NA,NA,NA,NA,NA,10,1.4,NA,NA,NA,NA,NA,NA,NA,NA,NA,10,NA,NA,NA,0,NA,NA,NA,NA,NA,NA,NA,NA,10,1.4,NA,NA,0.8,NA,NA,NA,NA,NA,10.08105695,NA,NA,NA,0.8,NA,NA,NA,NA,NA,474,ACJ-01,10,10,10,10,10.08105695,1,1,1,1,1.008105695,0.0384231,ok,ok,ok,ok,NA,0,0,0
110,476,NA,NA,NA,NA,NA,NA,NA,NA,NA,24,1.5,NA,0.574563977,0,NA,NA,NA,NA,NA,NA,24,1.5,NA,NA,NA,NA,NA,NA,NA,NA,NA,24,NA,NA,NA,0,NA,NA,NA,NA,NA,NA,NA,NA,24,1.5,NA,NA,1,NA,NA,NA,NA,NA,24.10132118,NA,NA,NA,1,NA,NA,NA,NA,NA,476,ACJ-01,24,24,24,24,24.10132118,2.4,2.4,2.4,2.4,2.410132118,0.048028871,ok,ok,ok,ok,NA,0,0,0
111,479,NA,NA,NA,NA,NA,NA,NA,NA,NA,15.6,1.4,NA,0.574563977,0,NA,NA,NA,NA,NA,NA,15.6,1.4,NA,NA,NA,NA,NA,NA,NA,NA,NA,15.6,NA,NA,NA,0,NA,NA,NA,NA,NA,NA,NA,NA,15.6,1.4,NA,NA,0.55,NA,NA,NA,NA,NA,15.65572665,NA,NA,NA,0.55,NA,NA,NA,NA,NA,479,ACJ-01,15.6,15.6,15.6,15.6,15.65572665,1.56,1.56,1.56,1.56,1.565572665,0.02641588,ok,ok,ok,ok,NA,0,0,0
112,481,NA,NA,NA,NA,NA,NA,NA,NA,NA,26.3,1.35,NA,0.59980802,1.72,NA,NA,NA,NA,NA,NA,26.47427244,1.35,NA,NA,NA,NA,NA,NA,NA,NA,NA,26.47427244,NA,NA,NA,1.72,NA,NA,NA,NA,NA,NA,NA,NA,26.64854487,1.35,NA,NA,1.8,NA,NA,NA,NA,NA,26.830923,NA,NA,NA,1.8,NA,NA,NA,NA,NA,481,ACJ-01,26.3,26.47427244,26.47427244,26.64854487,26.830923,2.63,2.647427244,2.647427244,2.664854487,2.6830923,0.086451971,ok,ok,ok,ok,NA,0.001834447,0,0.002026424
113,484,NA,NA,NA,NA,NA,NA,NA,NA,NA,12.7,1.35,NA,0.59980802,-2.3,NA,NA,NA,NA,NA,NA,12.46696128,1.35,NA,NA,NA,NA,NA,NA,NA,NA,NA,12.46696128,NA,NA,NA,-2.3,NA,NA,NA,NA,NA,NA,NA,NA,12.23392256,1.35,NA,NA,-1.5,NA,NA,NA,NA,NA,12.08194078,NA,NA,NA,-1.5,NA,NA,NA,NA,NA,484,ACJ-01,12.7,12.46696128,12.46696128,12.23392256,12.08194078,1.27,1.246696128,1.246696128,1.223392256,1.208194078,-0.072043311,ok,ok,ok,ok,NA,-0.002453039,0,-0.002709753
114,486,NA,NA,NA,NA,NA,NA,NA,NA,NA,14.1,1.4,NA,0.574563977,0,NA,NA,NA,NA,NA,NA,14.1,1.4,NA,NA,NA,NA,NA,NA,NA,NA,NA,14.1,NA,NA,NA,0,NA,NA,NA,NA,NA,NA,NA,NA,14.1,1.4,NA,NA,0,NA,NA,NA,NA,NA,14.1,NA,NA,NA,0,NA,NA,NA,NA,NA,486,ACJ-01,14.1,14.1,14.1,14.1,14.1,1.41,1.41,1.41,1.41,1.41,0,ok,ok,ok,ok,NA,0,0,0
115,487,NA,NA,NA,NA,NA,NA,NA,NA,NA,14.9,1.35,NA,0.430781928,5.4,NA,NA,NA,NA,NA,NA,15.44713439,1.35,NA,NA,NA,NA,NA,NA,NA,NA,NA,15.44713439,NA,NA,NA,5.4,NA,NA,NA,NA,NA,NA,NA,NA,15.99426878,1.35,NA,NA,7.7,NA,NA,NA,NA,NA,16.7744419,NA,NA,NA,7.7,NA,NA,NA,NA,NA,487,ACJ-01,14.9,15.44713439,15.44713439,15.99426878,16.7744419,1.49,1.544713439,1.544713439,1.599426878,1.67744419,0.369822323,ok,ok,ok,ok,NA,0.005759309,0,0.006362028
116,489,NA,NA,NA,NA,NA,NA,NA,NA,NA,23.5,1.4,NA,0.540014578,-3.3,NA,NA,NA,NA,NA,NA,23.16564009,1.4,NA,NA,NA,NA,NA,NA,NA,NA,NA,23.16564009,NA,NA,NA,-3.3,NA,NA,NA,NA,NA,NA,NA,NA,22.83128019,1.4,NA,NA,-2.05,NA,NA,NA,NA,NA,22.62357176,NA,NA,NA,-2.05,NA,NA,NA,NA,NA,489,ACJ-01,23.5,23.16564009,23.16564009,22.83128019,22.62357176,2.35,2.316564009,2.316564009,2.283128019,2.262357176,-0.098459191,ok,ok,ok,ok,NA,-0.003519578,0,-0.003887906
117,490,NA,NA,NA,NA,NA,NA,NA,NA,NA,24.5,1.4,NA,0.639235707,3.44,NA,NA,NA,NA,NA,NA,24.84854487,1.4,NA,NA,NA,NA,NA,NA,NA,NA,NA,24.84854487,NA,NA,NA,3.44,NA,NA,NA,NA,NA,NA,NA,NA,25.19708974,1.4,NA,NA,4.45,NA,NA,NA,NA,NA,25.64796901,NA,NA,NA,4.45,NA,NA,NA,NA,NA,490,ACJ-01,24.5,24.84854487,24.84854487,25.19708974,25.64796901,2.45,2.484854487,2.484854487,2.519708974,2.564796901,0.213728485,ok,ok,ok,ok,NA,0.003668893,0,0.004052847
118,492,NA,NA,NA,NA,NA,NA,NA,NA,NA,22.5,1.35,NA,0.540014578,0,NA,NA,NA,NA,NA,NA,22.5,1.35,NA,NA,NA,NA,NA,NA,NA,NA,NA,22.5,NA,NA,NA,0,NA,NA,NA,NA,NA,NA,NA,NA,22.5,1.35,NA,NA,-0.65,NA,NA,NA,NA,NA,22.43414123,NA,NA,NA,-0.65,NA,NA,NA,NA,NA,492,ACJ-01,22.5,22.5,22.5,22.5,22.43414123,2.25,2.25,2.25,2.25,2.243414123,-0.031218768,ok,ok,ok,ok,NA,0,0,0
119,503,NA,NA,NA,NA,NA,NA,NA,NA,NA,16,1.4,NA,0.540014578,1.17,NA,NA,NA,NA,NA,NA,16.11854578,1.4,NA,NA,NA,NA,NA,NA,NA,NA,NA,16.11854578,NA,NA,NA,1.17,NA,NA,NA,NA,NA,NA,NA,NA,16.23709157,1.4,NA,NA,3.05,NA,NA,NA,NA,NA,16.54612118,NA,NA,NA,3.05,NA,NA,NA,NA,NA,503,ACJ-01,16,16.11854578,16.11854578,16.23709157,16.54612118,1.6,1.611854578,1.611854578,1.623709157,1.654612118,0.146488062,ok,ok,ok,ok,NA,0.00124785,0,0.001378439
120,506,NA,NA,NA,NA,NA,NA,NA,NA,NA,21.2,1.4,NA,0.540014578,0.1,NA,NA,NA,NA,NA,NA,21.21013212,1.4,NA,NA,NA,NA,NA,NA,NA,NA,NA,21.21013212,NA,NA,NA,0.1,NA,NA,NA,NA,NA,NA,NA,NA,21.22026424,1.4,NA,NA,1.15,NA,NA,NA,NA,NA,21.3367836,NA,NA,NA,1.15,NA,NA,NA,NA,NA,506,ACJ-01,21.2,21.21013212,21.21013212,21.22026424,21.3367836,2.12,2.121013212,2.121013212,2.122026424,2.13367836,0.055233203,ok,ok,ok,ok,NA,0.000106654,0,0.000117815
121,509,NA,NA,NA,NA,NA,NA,NA,NA,NA,22,1.5,NA,0.639235707,1.2,NA,NA,NA,NA,NA,NA,22.12158542,1.5,NA,NA,NA,NA,NA,NA,NA,NA,NA,22.12158542,NA,NA,NA,1.2,NA,NA,NA,NA,NA,NA,NA,NA,22.24317084,1.5,NA,NA,3.8,NA,NA,NA,NA,NA,22.62819134,NA,NA,NA,3.8,NA,NA,NA,NA,NA,509,ACJ-01,22,22.12158542,22.12158542,22.24317084,22.62819134,2.2,2.212158542,2.212158542,2.224317084,2.262819134,0.182509718,ok,ok,ok,ok,NA,0.001279847,0,0.001413784
122,511,NA,NA,NA,NA,NA,NA,NA,NA,NA,26.6,1.35,NA,0.540014578,-2.4,NA,NA,NA,NA,NA,NA,26.35682916,1.35,NA,NA,NA,NA,NA,NA,NA,NA,NA,26.35682916,NA,NA,NA,-2.4,NA,NA,NA,NA,NA,NA,NA,NA,26.11365832,1.35,NA,NA,-1.3,NA,NA,NA,NA,NA,25.98194078,NA,NA,NA,-1.3,NA,NA,NA,NA,NA,511,ACJ-01,26.6,26.35682916,26.35682916,26.11365832,25.98194078,2.66,2.635682916,2.635682916,2.611365832,2.598194078,-0.062437535,ok,ok,ok,ok,NA,-0.002559693,0,-0.002827568
123,512,NA,NA,NA,NA,NA,NA,NA,NA,NA,17.7,1.4,NA,0.574563977,-1.7,NA,NA,NA,NA,NA,NA,17.52775399,1.4,NA,NA,NA,NA,NA,NA,NA,NA,NA,17.52775399,NA,NA,NA,-1.7,NA,NA,NA,NA,NA,NA,NA,NA,17.35550798,1.4,NA,NA,0,NA,NA,NA,NA,NA,17.35550798,NA,NA,NA,0,NA,NA,NA,NA,NA,512,ACJ-01,17.7,17.52775399,17.52775399,17.35550798,17.35550798,1.77,1.752775399,1.752775399,1.735550798,1.735550798,0,ok,ok,ok,ok,NA,-0.001813116,0,-0.002002861
124,516,NA,NA,NA,NA,NA,NA,NA,NA,NA,18.4,1.4,NA,0.639235707,2.41,NA,NA,NA,NA,NA,NA,18.64418405,1.4,NA,NA,NA,NA,NA,NA,NA,NA,NA,18.64418405,NA,NA,NA,2.41,NA,NA,NA,NA,NA,NA,NA,NA,18.88836811,1.4,NA,NA,5.14,NA,NA,NA,NA,NA,19.40915899,NA,NA,NA,5.14,NA,NA,NA,NA,NA,516,ACJ-01,18.4,18.64418405,18.64418405,18.88836811,19.40915899,1.84,1.864418405,1.864418405,1.888836811,1.940915899,0.246868404,ok,ok,ok,ok,NA,0.002570358,0,0.00283935
125,521,NA,NA,NA,NA,NA,NA,NA,NA,NA,15.5,1.4,NA,0.59980802,1.92,NA,NA,NA,NA,NA,NA,15.69453667,1.4,NA,NA,NA,NA,NA,NA,NA,NA,NA,15.69453667,NA,NA,NA,1.92,NA,NA,NA,NA,NA,NA,NA,NA,15.88907335,1.4,NA,NA,3.92,NA,NA,NA,NA,NA,16.28625239,NA,NA,NA,3.92,NA,NA,NA,NA,NA,521,ACJ-01,15.5,15.69453667,15.69453667,15.88907335,16.28625239,1.55,1.569453667,1.569453667,1.588907335,1.628625239,0.188273181,ok,ok,ok,ok,NA,0.002047754,0,0.002262054
126,525,NA,NA,NA,NA,NA,NA,NA,NA,NA,23,1.4,NA,0.639235707,-2.37,NA,NA,NA,NA,NA,NA,22.75986879,1.4,NA,NA,NA,NA,NA,NA,NA,NA,NA,22.75986879,NA,NA,NA,-2.37,NA,NA,NA,NA,NA,NA,NA,NA,22.51973759,1.4,NA,NA,-3.22,NA,NA,NA,NA,NA,22.19348338,NA,NA,NA,-3.22,NA,NA,NA,NA,NA,525,ACJ-01,23,22.75986879,22.75986879,22.51973759,22.19348338,2.3,2.275986879,2.275986879,2.251973759,2.219348338,-0.15465297,ok,ok,ok,ok,NA,-0.002527697,0,-0.002792223
127,528,NA,NA,NA,NA,NA,NA,NA,NA,NA,24.2,1.4,NA,0.639235707,0,NA,NA,NA,NA,NA,NA,24.2,1.4,NA,NA,NA,NA,NA,NA,NA,NA,NA,24.2,NA,NA,NA,0,NA,NA,NA,NA,NA,NA,NA,NA,24.2,1.4,NA,NA,0,NA,NA,NA,NA,NA,24.2,NA,NA,NA,0,NA,NA,NA,NA,NA,528,ACJ-01,24.2,24.2,24.2,24.2,24.2,2.42,2.42,2.42,2.42,2.42,0,ok,ok,ok,ok,NA,0,0,0
128,536,NA,NA,NA,NA,NA,NA,NA,NA,NA,23,1.4,NA,0.639235707,4.23,NA,NA,NA,NA,NA,NA,23.42858861,1.4,NA,NA,NA,NA,NA,NA,NA,NA,NA,23.42858861,NA,NA,NA,4.23,NA,NA,NA,NA,NA,NA,NA,NA,23.85717721,1.4,NA,NA,7.78,NA,NA,NA,NA,NA,24.64545602,NA,NA,NA,7.78,NA,NA,NA,NA,NA,536,ACJ-01,23,23.42858861,23.42858861,23.85717721,24.64545602,2.3,2.342858861,2.342858861,2.385717721,2.464545602,0.373664631,ok,ok,ok,ok,NA,0.004511459,0,0.004983588
129,546,NA,NA,NA,NA,NA,NA,NA,NA,NA,26.2,1.4,NA,0.540014578,-2.5,NA,NA,NA,NA,NA,NA,25.94669704,1.4,NA,NA,NA,NA,NA,NA,NA,NA,NA,25.94669704,NA,NA,NA,-2.5,NA,NA,NA,NA,NA,NA,NA,NA,25.69339408,1.4,NA,NA,-2.52,NA,NA,NA,NA,NA,25.4380647,NA,NA,NA,-2.52,NA,NA,NA,NA,NA,546,ACJ-01,26.2,25.94669704,25.94669704,25.69339408,25.4380647,2.62,2.594669704,2.594669704,2.569339408,2.54380647,-0.121032758,ok,ok,ok,ok,NA,-0.002666347,0,-0.002945383
130,550,NA,NA,NA,NA,NA,NA,NA,NA,NA,12.9,1.4,NA,0.59980802,5,NA,NA,NA,NA,NA,NA,13.40660592,1.4,NA,NA,NA,NA,NA,NA,NA,NA,NA,13.40660592,NA,NA,NA,5,NA,NA,NA,NA,NA,NA,NA,NA,13.91321184,1.4,NA,NA,6.44,NA,NA,NA,NA,NA,14.56572026,NA,NA,NA,6.44,NA,NA,NA,NA,NA,550,ACJ-01,12.9,13.40660592,13.40660592,13.91321184,14.56572026,1.29,1.340660592,1.340660592,1.391321184,1.456572026,0.309305939,ok,ok,ok,ok,NA,0.005332694,0,0.005890767
131,554,NA,NA,NA,NA,NA,NA,NA,NA,NA,17.9,1.35,NA,0.574563977,0,NA,NA,NA,NA,NA,NA,17.9,1.35,NA,NA,NA,NA,NA,NA,NA,NA,NA,17.9,NA,NA,NA,0,NA,NA,NA,NA,NA,NA,NA,NA,17.9,1.35,NA,NA,-1.44,NA,NA,NA,NA,NA,17.7540975,NA,NA,NA,-1.44,NA,NA,NA,NA,NA,554,ACJ-01,17.9,17.9,17.9,17.9,17.7540975,1.79,1.79,1.79,1.79,1.77540975,-0.069161575,ok,ok,ok,ok,NA,0,0,0
132,555,NA,NA,NA,NA,NA,NA,NA,NA,NA,16.7,1.4,NA,0.532941853,-2,NA,NA,NA,NA,NA,NA,16.49735763,1.4,NA,NA,NA,NA,NA,NA,NA,NA,NA,16.49735763,NA,NA,NA,-2,NA,NA,NA,NA,NA,NA,NA,NA,16.29471527,1.4,NA,NA,-1.9,NA,NA,NA,NA,NA,16.10220502,NA,NA,NA,-1.9,NA,NA,NA,NA,NA,555,ACJ-01,16.7,16.49735763,16.49735763,16.29471527,16.10220502,1.67,1.649735763,1.649735763,1.629471527,1.610220502,-0.091254859,ok,ok,ok,ok,NA,-0.002133078,0,-0.002356307
133,569,NA,NA,NA,NA,NA,NA,NA,NA,NA,21.4,1.5,NA,0.639235707,5.7,NA,NA,NA,NA,NA,NA,21.97753075,1.5,NA,NA,NA,NA,NA,NA,NA,NA,NA,21.97753075,NA,NA,NA,5.7,NA,NA,NA,NA,NA,NA,NA,NA,22.55506149,1.5,NA,NA,7.7,NA,NA,NA,NA,NA,23.33523461,NA,NA,NA,7.7,NA,NA,NA,NA,NA,569,ACJ-01,21.4,21.97753075,21.97753075,22.55506149,23.33523461,2.14,2.197753075,2.197753075,2.255506149,2.333523461,0.369822323,ok,ok,ok,ok,NA,0.006079271,0,0.006715474
134,571,NA,NA,NA,NA,NA,NA,NA,NA,NA,13.3,1.4,NA,0.540014578,0,NA,NA,NA,NA,NA,NA,13.3,1.4,NA,NA,NA,NA,NA,NA,NA,NA,NA,13.3,NA,NA,NA,0,NA,NA,NA,NA,NA,NA,NA,NA,13.3,1.4,NA,NA,0.08,NA,NA,NA,NA,NA,13.30810569,NA,NA,NA,0.08,NA,NA,NA,NA,NA,571,ACJ-01,13.3,13.3,13.3,13.3,13.30810569,1.33,1.33,1.33,1.33,1.330810569,0.003842308,ok,ok,ok,ok,NA,0,0,0
135,574,NA,NA,NA,NA,NA,NA,NA,NA,NA,19.8,1.4,NA,0.574563977,0,NA,NA,NA,NA,NA,NA,19.8,1.4,NA,NA,NA,NA,NA,NA,NA,NA,NA,19.8,NA,NA,NA,0,NA,NA,NA,NA,NA,NA,NA,NA,19.8,1.4,NA,NA,0,NA,NA,NA,NA,NA,19.8,NA,NA,NA,0,NA,NA,NA,NA,NA,574,ACJ-01,19.8,19.8,19.8,19.8,19.8,1.98,1.98,1.98,1.98,1.98,0,ok,ok,ok,ok,NA,0,0,0
136,586,NA,NA,NA,NA,NA,NA,NA,NA,NA,16,1.4,NA,0.540014578,0,NA,NA,NA,NA,NA,NA,16,1.4,NA,NA,NA,NA,NA,NA,NA,NA,NA,16,NA,NA,NA,0,NA,NA,NA,NA,NA,NA,NA,NA,16,1.4,NA,NA,1.3,NA,NA,NA,NA,NA,16.13171754,NA,NA,NA,1.3,NA,NA,NA,NA,NA,586,ACJ-01,16,16,16,16,16.13171754,1.6,1.6,1.6,1.6,1.613171754,0.062437535,ok,ok,ok,ok,NA,0,0,0
137,598,NA,NA,NA,NA,NA,NA,NA,NA,NA,12.8,1.5,NA,0.59980802,2.29,NA,NA,NA,NA,NA,NA,13.03202551,1.5,NA,NA,NA,NA,NA,NA,NA,NA,NA,13.03202551,NA,NA,NA,2.29,NA,NA,NA,NA,NA,NA,NA,NA,13.26405102,1.5,NA,NA,4.38,NA,NA,NA,NA,NA,13.70783781,NA,NA,NA,4.38,NA,NA,NA,NA,NA,598,ACJ-01,12.8,13.03202551,13.03202551,13.26405102,13.70783781,1.28,1.303202551,1.303202551,1.326405102,1.370783781,0.210366465,ok,ok,ok,ok,NA,0.002442374,0,0.002697971
138,604,NA,NA,NA,NA,NA,NA,NA,NA,NA,14.2,1.35,NA,0.59980802,5.11,NA,NA,NA,NA,NA,NA,14.71775125,1.35,NA,NA,NA,NA,NA,NA,NA,NA,NA,14.71775125,NA,NA,NA,5.11,NA,NA,NA,NA,NA,NA,NA,NA,15.2355025,1.35,NA,NA,7.4,NA,NA,NA,NA,NA,15.98527926,NA,NA,NA,7.4,NA,NA,NA,NA,NA,604,ACJ-01,14.2,14.71775125,14.71775125,15.2355025,15.98527926,1.42,1.471775125,1.471775125,1.52355025,1.598527926,0.355413659,ok,ok,ok,ok,NA,0.005450013,0,0.006020363
139,606,NA,NA,NA,NA,NA,NA,NA,NA,NA,13.5,1.4,NA,0.574563977,0,NA,NA,NA,NA,NA,NA,13.5,1.4,NA,NA,NA,NA,NA,NA,NA,NA,NA,13.5,NA,NA,NA,0,NA,NA,NA,NA,NA,NA,NA,NA,13.5,1.4,NA,NA,0,NA,NA,NA,NA,NA,13.5,NA,NA,NA,0,NA,NA,NA,NA,NA,606,ACJ-01,13.5,13.5,13.5,13.5,13.5,1.35,1.35,1.35,1.35,1.35,0,ok,ok,ok,ok,NA,0,0,0
140,611,NA,NA,NA,NA,NA,NA,NA,NA,NA,14.5,1.35,NA,0.59980802,6.33,NA,NA,NA,NA,NA,NA,15.14136309,1.35,NA,NA,NA,NA,NA,NA,NA,NA,NA,15.14136309,NA,NA,NA,6.33,NA,NA,NA,NA,NA,NA,NA,NA,15.78272618,1.35,NA,NA,6.8,NA,NA,NA,NA,NA,16.47171023,NA,NA,NA,6.8,NA,NA,NA,NA,NA,611,ACJ-01,14.5,15.14136309,15.14136309,15.78272618,16.47171023,1.45,1.514136309,1.514136309,1.578272618,1.647171023,0.326596335,ok,ok,ok,ok,NA,0.00675119,0,0.00745771
141,614,NA,NA,NA,NA,NA,NA,NA,NA,NA,16.9,1.35,NA,0.574563977,-0.24,NA,NA,NA,NA,NA,NA,16.87568292,1.35,NA,NA,NA,NA,NA,NA,NA,NA,NA,16.87568292,NA,NA,NA,-0.24,NA,NA,NA,NA,NA,NA,NA,NA,16.85136583,1.35,NA,NA,-1.75,NA,NA,NA,NA,NA,16.67405376,NA,NA,NA,-1.75,NA,NA,NA,NA,NA,614,ACJ-01,16.9,16.87568292,16.87568292,16.85136583,16.67405376,1.69,1.687568292,1.687568292,1.685136583,1.667405376,-0.084050527,ok,ok,ok,ok,NA,-0.000255969,0,-0.000282757
142,616,NA,NA,NA,NA,NA,NA,NA,NA,NA,15.4,1.4,NA,0.430781928,NA,NA,NA,NA,NA,NA,NA,#¡VALOR!,1.4,NA,NA,NA,NA,NA,NA,NA,NA,NA,#¡VALOR!,NA,NA,NA,NA,NA,NA,NA,NA,NA,NA,NA,NA,#¡VALOR!,1.4,NA,NA,6.12,NA,NA,NA,NA,NA,#¡VALOR!,NA,NA,NA,6.12,NA,NA,NA,NA,NA,616,ACJ-01,15.4,#¡VALOR!,#¡VALOR!,#¡VALOR!,#¡VALOR!,1.54,NA,NA,NA,NA,NA,ok,ok,ok,ok,NA,#¡VALOR!,#¡VALOR!,#¡VALOR!
143,624,NA,NA,NA,NA,NA,NA,NA,NA,NA,10.5,1.5,NA,0.59980802,NA,NA,NA,NA,NA,NA,NA,#¡VALOR!,1.5,NA,NA,NA,NA,NA,NA,NA,NA,NA,#¡VALOR!,NA,NA,NA,NA,NA,NA,NA,NA,NA,NA,NA,NA,#¡VALOR!,1.5,NA,NA,NA,NA,NA,NA,NA,NA,#¡VALOR!,NA,NA,NA,NA,NA,NA,NA,NA,NA,624,ACJ-01,10.5,#¡VALOR!,#¡VALOR!,#¡VALOR!,#¡VALOR!,1.05,NA,NA,NA,NA,NA,ok,ok,ok,ok,NA,#¡VALOR!,#¡VALOR!,#¡VALOR!
144,626,NA,NA,NA,NA,NA,NA,NA,NA,NA,15.5,1.4,NA,0.574563977,NA,NA,NA,NA,NA,NA,NA,#¡VALOR!,1.4,NA,NA,NA,NA,NA,NA,NA,NA,NA,#¡VALOR!,NA,NA,NA,NA,NA,NA,NA,NA,NA,NA,NA,NA,#¡VALOR!,1.4,NA,NA,NA,NA,NA,NA,NA,NA,#¡VALOR!,NA,NA,NA,NA,NA,NA,NA,NA,NA,626,ACJ-01,15.5,#¡VALOR!,#¡VALOR!,#¡VALOR!,#¡VALOR!,1.55,NA,NA,NA,NA,NA,ok,ok,ok,ok,NA,#¡VALOR!,#¡VALOR!,#¡VALOR!
145,631,NA,NA,NA,NA,NA,NA,NA,NA,NA,12.8,1.4,NA,0.639235707,NA,NA,NA,NA,NA,NA,NA,#¡VALOR!,1.4,NA,NA,NA,NA,NA,NA,NA,NA,NA,#¡VALOR!,NA,NA,NA,NA,NA,NA,NA,NA,NA,NA,NA,NA,#¡VALOR!,1.4,NA,NA,0,NA,NA,NA,NA,NA,#¡VALOR!,NA,NA,NA,0,NA,NA,NA,NA,NA,631,ACJ-01,12.8,#¡VALOR!,#¡VALOR!,#¡VALOR!,#¡VALOR!,1.28,NA,NA,NA,NA,NA,ok,ok,ok,ok,NA,#¡VALOR!,#¡VALOR!,#¡VALOR!
146,641,NA,NA,NA,NA,NA,NA,NA,NA,NA,13.2,1.4,NA,0.4468375,1.21,NA,NA,NA,NA,NA,NA,13.32259863,1.4,NA,NA,NA,NA,NA,NA,NA,NA,NA,13.32259863,NA,NA,NA,1.21,NA,NA,NA,NA,NA,NA,NA,NA,13.44519726,1.4,NA,NA,1.12,NA,NA,NA,NA,NA,13.55867699,NA,NA,NA,1.12,NA,NA,NA,NA,NA,641,ACJ-01,13.2,13.32259863,13.32259863,13.44519726,13.55867699,1.32,1.332259863,1.332259863,1.344519726,1.355867699,0.05379234,ok,ok,ok,ok,NA,0.001290512,0,0.001425565
147,644,NA,NA,NA,NA,NA,NA,NA,NA,NA,17.8,1.4,NA,0.430781928,7.27,NA,NA,NA,NA,NA,NA,18.53660501,1.4,NA,NA,NA,NA,NA,NA,NA,NA,NA,18.53660501,NA,NA,NA,7.27,NA,NA,NA,NA,NA,NA,NA,NA,19.27321001,1.4,NA,NA,12.62,NA,NA,NA,NA,NA,20.55188335,NA,NA,NA,12.62,NA,NA,NA,NA,NA,644,ACJ-01,17.8,18.53660501,18.53660501,19.27321001,20.55188335,1.78,1.853660501,1.853660501,1.927321001,2.055188335,0.606124375,ok,ok,ok,ok,NA,0.007753737,0,0.008565174
148,647,NA,NA,NA,NA,NA,NA,NA,NA,NA,10.9,1.4,NA,0.574563977,0,NA,NA,NA,NA,NA,NA,10.9,1.4,NA,NA,NA,NA,NA,NA,NA,NA,NA,10.9,NA,NA,NA,0,NA,NA,NA,NA,NA,NA,NA,NA,10.9,1.4,NA,NA,2.88,NA,NA,NA,NA,NA,11.19180501,NA,NA,NA,2.88,NA,NA,NA,NA,NA,647,ACJ-01,10.9,10.9,10.9,10.9,11.19180501,1.09,1.09,1.09,1.09,1.119180501,0.138323154,ok,ok,ok,ok,NA,0,0,0
149,650,NA,NA,NA,NA,NA,NA,NA,NA,NA,19.4,1.5,NA,0.4468375,0,NA,NA,NA,NA,NA,NA,19.4,1.5,NA,NA,NA,NA,NA,NA,NA,NA,NA,19.4,NA,NA,NA,0,NA,NA,NA,NA,NA,NA,NA,NA,19.4,1.5,NA,NA,0,NA,NA,NA,NA,NA,19.4,NA,NA,NA,0,NA,NA,NA,NA,NA,650,ACJ-01,19.4,19.4,19.4,19.4,19.4,1.94,1.94,1.94,1.94,1.94,0,ok,ok,ok,ok,NA,0,0,0
150,653,NA,NA,NA,NA,NA,NA,NA,NA,NA,13,1.35,NA,0.4468375,1.15,NA,NA,NA,NA,NA,NA,13.11651936,1.35,NA,NA,NA,NA,NA,NA,NA,NA,NA,13.11651936,NA,NA,NA,1.15,NA,NA,NA,NA,NA,NA,NA,NA,13.23303872,1.35,NA,NA,19.2,NA,NA,NA,NA,NA,15.17840545,NA,NA,NA,19.2,NA,NA,NA,NA,NA,653,ACJ-01,13,13.11651936,13.11651936,13.23303872,15.17840545,1.3,1.311651936,1.311651936,1.323303872,1.517840545,0.922154359,ok,ok,ok,ok,NA,0.00122652,0,0.001354876
151,660,NA,NA,NA,NA,NA,NA,NA,NA,NA,10.2,1.35,NA,0.574563977,0,NA,NA,NA,NA,NA,NA,10.2,1.35,NA,NA,NA,NA,NA,NA,NA,NA,NA,10.2,NA,NA,NA,0,NA,NA,NA,NA,NA,NA,NA,NA,10.2,1.35,NA,NA,0,NA,NA,NA,NA,NA,10.2,NA,NA,NA,0,NA,NA,NA,NA,NA,660,ACJ-01,10.2,10.2,10.2,10.2,10.2,1.02,1.02,1.02,1.02,1.02,0,ok,ok,ok,ok,NA,0,0,0
152,663,NA,NA,NA,NA,NA,NA,NA,NA,NA,21.8,1.4,NA,0.574563977,1.62,NA,NA,NA,NA,NA,NA,21.96414032,1.4,NA,NA,NA,NA,NA,NA,NA,NA,NA,21.96414032,NA,NA,NA,1.62,NA,NA,NA,NA,NA,NA,NA,NA,22.12828064,1.4,NA,NA,1.56,NA,NA,NA,NA,NA,22.28634168,NA,NA,NA,1.56,NA,NA,NA,NA,NA,663,ACJ-01,21.8,21.96414032,21.96414032,22.12828064,22.28634168,2.18,2.196414032,2.196414032,2.212828064,2.228634168,0.074925038,ok,ok,ok,ok,NA,0.001727793,0,0.001908608
153,664,NA,NA,NA,NA,NA,NA,NA,NA,NA,18.5,1.4,NA,0.574563977,1.14,NA,NA,NA,NA,NA,NA,18.61550615,1.4,NA,NA,NA,NA,NA,NA,NA,NA,NA,18.61550615,NA,NA,NA,1.14,NA,NA,NA,NA,NA,NA,NA,NA,18.7310123,1.4,NA,NA,-1.4,NA,NA,NA,NA,NA,18.58916264,NA,NA,NA,-1.4,NA,NA,NA,NA,NA,664,ACJ-01,18.5,18.61550615,18.61550615,18.7310123,18.58916264,1.85,1.861550615,1.861550615,1.87310123,1.858916264,-0.067240423,ok,ok,ok,ok,NA,0.001215854,0,0.001343095
154,672,NA,NA,NA,NA,NA,NA,NA,NA,NA,26.4,1.5,NA,0.574563977,5.4,NA,NA,NA,NA,NA,NA,26.94713439,1.5,NA,NA,NA,NA,NA,NA,NA,NA,NA,26.94713439,NA,NA,NA,5.4,NA,NA,NA,NA,NA,NA,NA,NA,27.49426878,1.5,NA,NA,10.09,NA,NA,NA,NA,NA,28.51659953,NA,NA,NA,10.09,NA,NA,NA,NA,NA,672,ACJ-01,26.4,26.94713439,26.94713439,27.49426878,28.51659953,2.64,2.694713439,2.694713439,2.749426878,2.851659953,0.48461133,ok,ok,ok,ok,NA,0.005759309,0,0.006362028
155,674,NA,NA,NA,NA,NA,NA,NA,NA,NA,14.4,1.4,NA,0.574563977,3.17,NA,NA,NA,NA,NA,NA,14.72118815,1.4,NA,NA,NA,NA,NA,NA,NA,NA,NA,14.72118815,NA,NA,NA,3.17,NA,NA,NA,NA,NA,NA,NA,NA,15.0423763,1.4,NA,NA,4.34,NA,NA,NA,NA,NA,15.48211024,NA,NA,NA,4.34,NA,NA,NA,NA,NA,674,ACJ-01,14.4,14.72118815,14.72118815,15.0423763,15.48211024,1.44,1.472118815,1.472118815,1.50423763,1.548211024,0.208445309,ok,ok,ok,ok,NA,0.003380928,0,0.003734746
156,676,NA,NA,NA,NA,NA,NA,NA,NA,NA,15.9,1.4,NA,0.574563977,3.97,NA,NA,NA,NA,NA,NA,16.3022451,1.4,NA,NA,NA,NA,NA,NA,NA,NA,NA,16.3022451,NA,NA,NA,3.97,NA,NA,NA,NA,NA,NA,NA,NA,16.7044902,1.4,NA,NA,4.72,NA,NA,NA,NA,NA,17.18272618,NA,NA,NA,4.72,NA,NA,NA,NA,NA,676,ACJ-01,15.9,16.3022451,16.3022451,16.7044902,17.18272618,1.59,1.63022451,1.63022451,1.67044902,1.718272618,0.226696276,ok,ok,ok,ok,NA,0.004234159,0,0.004677269
157,678,NA,NA,NA,NA,NA,NA,NA,NA,NA,18,1.4,NA,0.430781928,4.69,NA,NA,NA,NA,NA,NA,18.47519635,1.4,NA,NA,NA,NA,NA,NA,NA,NA,NA,18.47519635,NA,NA,NA,4.69,NA,NA,NA,NA,NA,NA,NA,NA,18.9503927,1.4,NA,NA,7.26,NA,NA,NA,NA,NA,19.6859845,NA,NA,NA,7.26,NA,NA,NA,NA,NA,678,ACJ-01,18,18.47519635,18.47519635,18.9503927,19.6859845,1.8,1.847519635,1.847519635,1.89503927,1.96859845,0.348689619,ok,ok,ok,ok,NA,0.005002067,0,0.005525539
158,681,NA,NA,NA,NA,NA,NA,NA,NA,NA,11.9,1.4,NA,0.574563977,3.51,NA,NA,NA,NA,NA,NA,12.25563735,1.4,NA,NA,NA,NA,NA,NA,NA,NA,NA,12.25563735,NA,NA,NA,3.51,NA,NA,NA,NA,NA,NA,NA,NA,12.61127471,1.4,NA,NA,4.4,NA,NA,NA,NA,NA,13.05708792,NA,NA,NA,4.4,NA,NA,NA,NA,NA,681,ACJ-01,11.9,12.25563735,12.25563735,12.61127471,13.05708792,1.19,1.225563735,1.225563735,1.261127471,1.305708792,0.211327041,ok,ok,ok,ok,NA,0.003743551,0,0.004135318
159,686,NA,NA,NA,NA,NA,NA,NA,NA,NA,23,1.4,NA,0.430781928,-1.6,NA,NA,NA,NA,NA,NA,22.83788611,1.4,NA,NA,NA,NA,NA,NA,NA,NA,NA,22.83788611,NA,NA,NA,-1.6,NA,NA,NA,NA,NA,NA,NA,NA,22.67577221,1.4,NA,NA,0,NA,NA,NA,NA,NA,22.67577221,NA,NA,NA,0,NA,NA,NA,NA,NA,686,ACJ-01,23,22.83788611,22.83788611,22.67577221,22.67577221,2.3,2.283788611,2.283788611,2.267577221,2.267577221,0,ok,ok,ok,ok,NA,-0.001706462,0,-0.001885045
160,691,NA,NA,NA,NA,NA,NA,NA,NA,NA,10.7,1.5,NA,0.540014578,3.96,NA,NA,NA,NA,NA,NA,11.10123189,1.5,NA,NA,NA,NA,NA,NA,NA,NA,NA,11.10123189,NA,NA,NA,3.96,NA,NA,NA,NA,NA,NA,NA,NA,11.50246377,1.5,NA,NA,4.72,NA,NA,NA,NA,NA,11.98069976,NA,NA,NA,4.72,NA,NA,NA,NA,NA,691,ACJ-01,10.7,11.10123189,11.10123189,11.50246377,11.98069976,1.07,1.110123189,1.110123189,1.150246377,1.198069976,0.226696281,ok,ok,ok,ok,NA,0.004223494,0,0.004665487
161,692,NA,NA,NA,NA,NA,NA,NA,NA,NA,14.8,1.4,NA,0.574563977,0,NA,NA,NA,NA,NA,NA,14.8,1.4,NA,NA,NA,NA,NA,NA,NA,NA,NA,14.8,NA,NA,NA,0,NA,NA,NA,NA,NA,NA,NA,NA,14.8,1.4,NA,NA,-1.3,NA,NA,NA,NA,NA,14.66828246,NA,NA,NA,-1.3,NA,NA,NA,NA,NA,692,ACJ-01,14.8,14.8,14.8,14.8,14.66828246,1.48,1.48,1.48,1.48,1.466828246,-0.062437535,ok,ok,ok,ok,NA,0,0,0
162,718,NA,NA,NA,NA,NA,NA,NA,NA,NA,11,1.4,NA,0.430781928,0,NA,NA,NA,NA,NA,NA,11,1.4,NA,NA,NA,NA,NA,NA,NA,NA,NA,11,NA,NA,NA,0,NA,NA,NA,NA,NA,NA,NA,NA,11,1.4,NA,NA,0,NA,NA,NA,NA,NA,11,NA,NA,NA,0,NA,NA,NA,NA,NA,718,ACJ-01,11,11,11,11,11,1.1,1.1,1.1,1.1,1.1,0,ok,ok,ok,ok,NA,0,0,0
163,720,NA,NA,NA,NA,NA,NA,NA,NA,NA,20,1.5,NA,0.574563977,0,NA,NA,NA,NA,NA,NA,20,1.5,NA,NA,NA,NA,NA,NA,NA,NA,NA,20,NA,NA,NA,0,NA,NA,NA,NA,NA,NA,NA,NA,20,1.5,NA,NA,1.5,NA,NA,NA,NA,NA,20.15198178,NA,NA,NA,1.5,NA,NA,NA,NA,NA,720,ACJ-01,20,20,20,20,20.15198178,2,2,2,2,2.015198178,0.072043311,ok,ok,ok,ok,NA,0,0,0
164,726,NA,NA,NA,NA,NA,NA,NA,NA,NA,14.7,1.35,NA,0.669763013,0,NA,NA,NA,NA,NA,NA,14.7,1.35,NA,NA,NA,NA,NA,NA,NA,NA,NA,14.7,NA,NA,NA,0,NA,NA,NA,NA,NA,NA,NA,NA,14.7,1.35,NA,NA,1.3,NA,NA,NA,NA,NA,14.83171754,NA,NA,NA,1.3,NA,NA,NA,NA,NA,726,ACJ-01,14.7,14.7,14.7,14.7,14.83171754,1.47,1.47,1.47,1.47,1.483171754,0.062437535,ok,ok,ok,ok,NA,0,0,0
165,731,NA,NA,NA,NA,NA,NA,NA,NA,NA,38.1,1.4,NA,0.59980802,-0.16,NA,NA,NA,NA,NA,NA,38.08378861,1.4,NA,NA,NA,NA,NA,NA,NA,NA,NA,38.08378861,NA,NA,NA,-0.16,NA,NA,NA,NA,NA,NA,NA,NA,38.06757722,1.4,NA,NA,0,NA,NA,NA,NA,NA,38.06757722,NA,NA,NA,0,NA,NA,NA,NA,NA,731,ACJ-01,38.1,38.08378861,38.08378861,38.06757722,38.06757722,3.81,3.808378861,3.808378861,3.806757722,3.806757722,0,ok,ok,ok,ok,NA,-0.000170646,0,-0.000188505
166,732,NA,NA,NA,NA,NA,NA,NA,NA,NA,18.9,1.4,NA,0.430781928,-3,NA,NA,NA,NA,NA,NA,18.59603645,1.4,NA,NA,NA,NA,NA,NA,NA,NA,NA,18.59603645,NA,NA,NA,-3,NA,NA,NA,NA,NA,NA,NA,NA,18.2920729,1.4,NA,NA,-1.76,NA,NA,NA,NA,NA,18.11374761,NA,NA,NA,-1.76,NA,NA,NA,NA,NA,732,ACJ-01,18.9,18.59603645,18.59603645,18.2920729,18.11374761,1.89,1.859603645,1.859603645,1.82920729,1.811374761,-0.084530819,ok,ok,ok,ok,NA,-0.003199616,0,-0.00353446
167,734,NA,NA,NA,NA,NA,NA,NA,NA,NA,11.9,1.35,NA,0.430781928,0,NA,NA,NA,NA,NA,NA,11.9,1.35,NA,NA,NA,NA,NA,NA,NA,NA,NA,11.9,NA,NA,NA,0,NA,NA,NA,NA,NA,NA,NA,NA,11.9,1.35,NA,NA,1.72,NA,NA,NA,NA,NA,12.07427244,NA,NA,NA,1.72,NA,NA,NA,NA,NA,734,ACJ-01,11.9,11.9,11.9,11.9,12.07427244,1.19,1.19,1.19,1.19,1.207427244,0.082609663,ok,ok,ok,ok,NA,0,0,0
168,737,NA,NA,NA,NA,NA,NA,NA,NA,NA,35.7,1.35,NA,0.59980802,3.22,NA,NA,NA,NA,NA,NA,36.02625421,1.35,NA,NA,NA,NA,NA,NA,NA,NA,NA,36.02625421,NA,NA,NA,3.22,NA,NA,NA,NA,NA,NA,NA,NA,36.35250842,1.35,NA,NA,2.54,NA,NA,NA,NA,NA,36.60986423,NA,NA,NA,2.54,NA,NA,NA,NA,NA,737,ACJ-01,35.7,36.02625421,36.02625421,36.35250842,36.60986423,3.57,3.602625421,3.602625421,3.635250842,3.660986423,0.121993339,ok,ok,ok,ok,NA,0.003434255,0,0.003793654
169,741,NA,NA,NA,NA,NA,NA,NA,NA,NA,15.8,1.4,NA,0.430781928,3.61,NA,NA,NA,NA,NA,NA,16.16576947,1.4,NA,NA,NA,NA,NA,NA,NA,NA,NA,16.16576947,NA,NA,NA,3.61,NA,NA,NA,NA,NA,NA,NA,NA,16.53153895,1.4,NA,NA,5.36,NA,NA,NA,NA,NA,17.07462049,NA,NA,NA,5.36,NA,NA,NA,NA,NA,741,ACJ-01,15.8,16.16576947,16.16576947,16.53153895,17.07462049,1.58,1.616576947,1.616576947,1.653153895,1.707462049,0.257434756,ok,ok,ok,ok,NA,0.003850205,0,0.004253133
170,748,NA,NA,NA,NA,NA,NA,NA,NA,NA,13.1,1.35,NA,0.4468375,1.79,NA,NA,NA,NA,NA,NA,13.28136492,1.35,NA,NA,NA,NA,NA,NA,NA,NA,NA,13.28136492,NA,NA,NA,1.79,NA,NA,NA,NA,NA,NA,NA,NA,13.46272984,1.35,NA,NA,-12.4,NA,NA,NA,NA,NA,12.20634716,NA,NA,NA,-12.4,NA,NA,NA,NA,NA,748,ACJ-01,13.1,13.28136492,13.28136492,13.46272984,12.20634716,1.31,1.328136492,1.328136492,1.346272984,1.220634716,-0.595558024,ok,ok,ok,ok,NA,0.001909104,0,0.002108894
171,750,NA,NA,NA,NA,NA,NA,NA,NA,NA,33.7,1.5,NA,0.59980802,0,NA,NA,NA,NA,NA,NA,33.7,1.5,NA,NA,NA,NA,NA,NA,NA,NA,NA,33.7,NA,NA,NA,0,NA,NA,NA,NA,NA,NA,NA,NA,33.7,1.5,NA,NA,NA,NA,NA,NA,NA,NA,33.7,NA,NA,NA,NA,NA,NA,NA,NA,NA,750,ACJ-01,33.7,33.7,33.7,33.7,33.7,3.37,3.37,3.37,3.37,3.37,0,ok,ok,ok,ok,NA,0,0,0
172,753,NA,NA,NA,NA,NA,NA,NA,NA,NA,16.3,1.4,NA,0.4468375,0,NA,NA,NA,NA,NA,NA,16.3,1.4,NA,NA,NA,NA,NA,NA,NA,NA,NA,16.3,NA,NA,NA,0,NA,NA,NA,NA,NA,NA,NA,NA,16.3,1.4,NA,NA,3,NA,NA,NA,NA,NA,16.60396355,NA,NA,NA,3,NA,NA,NA,NA,NA,753,ACJ-01,16.3,16.3,16.3,16.3,16.60396355,1.63,1.63,1.63,1.63,1.660396355,0.144086618,ok,ok,ok,ok,NA,0,0,0
173,754,NA,NA,NA,NA,NA,NA,NA,NA,NA,14,1.45,NA,0.430781928,NA,NA,NA,NA,NA,NA,NA,#¡VALOR!,1.45,NA,NA,NA,NA,NA,NA,NA,NA,NA,#¡VALOR!,NA,NA,NA,NA,NA,NA,NA,NA,NA,NA,NA,NA,#¡VALOR!,1.45,NA,NA,NA,NA,NA,NA,NA,NA,#¡VALOR!,NA,NA,NA,NA,NA,NA,NA,NA,NA,754,ACJ-01,14,#¡VALOR!,#¡VALOR!,#¡VALOR!,#¡VALOR!,1.4,NA,NA,NA,NA,NA,ok,ok,ok,ok,NA,#¡VALOR!,#¡VALOR!,#¡VALOR!
174,755,NA,NA,NA,NA,NA,NA,NA,NA,NA,19.2,1.4,NA,0.430781928,2.53,NA,NA,NA,NA,NA,NA,19.45634259,1.4,NA,NA,NA,NA,NA,NA,NA,NA,NA,19.45634259,NA,NA,NA,2.53,NA,NA,NA,NA,NA,NA,NA,NA,19.71268519,1.4,NA,NA,2.58,NA,NA,NA,NA,NA,19.97409384,NA,NA,NA,2.58,NA,NA,NA,NA,NA,755,ACJ-01,19.2,19.45634259,19.45634259,19.71268519,19.97409384,1.92,1.945634259,1.945634259,1.971268519,1.997409384,0.12391449,ok,ok,ok,ok,NA,0.002698343,0,0.002980728
175,761,NA,NA,NA,NA,NA,NA,NA,NA,NA,36.3,1.5,NA,0.430781928,7.31,NA,NA,NA,NA,NA,NA,37.04065785,1.5,NA,NA,NA,NA,NA,NA,NA,NA,NA,37.04065785,NA,NA,NA,7.31,NA,NA,NA,NA,NA,NA,NA,NA,37.7813157,1.5,NA,NA,12,NA,NA,NA,NA,NA,38.99716991,NA,NA,NA,12,NA,NA,NA,NA,NA,761,ACJ-01,36.3,37.04065785,37.04065785,37.7813157,38.99716991,3.63,3.704065785,3.704065785,3.77813157,3.899716991,0.576346476,ok,ok,ok,ok,NA,0.007796398,0,0.008612301
176,763,NA,NA,NA,NA,NA,NA,NA,NA,NA,23,1.4,NA,0.574563977,2.35,NA,NA,NA,NA,NA,NA,23.23810478,1.4,NA,NA,NA,NA,NA,NA,NA,NA,NA,23.23810478,NA,NA,NA,2.35,NA,NA,NA,NA,NA,NA,NA,NA,23.47620956,1.4,NA,NA,2.5,NA,NA,NA,NA,NA,23.72951252,NA,NA,NA,2.5,NA,NA,NA,NA,NA,763,ACJ-01,23,23.23810478,23.23810478,23.47620956,23.72951252,2.3,2.323810478,2.323810478,2.347620956,2.372951252,0.120072182,ok,ok,ok,ok,NA,0.002506366,0,0.00276866
177,764,NA,NA,NA,NA,NA,NA,NA,NA,NA,38.4,1.4,NA,0.430781928,1.4,NA,NA,NA,NA,NA,NA,38.54184966,1.4,NA,NA,NA,NA,NA,NA,NA,NA,NA,38.54184966,NA,NA,NA,1.4,NA,NA,NA,NA,NA,NA,NA,NA,38.68369931,1.4,NA,NA,2.15,NA,NA,NA,NA,NA,38.90153986,NA,NA,NA,2.15,NA,NA,NA,NA,NA,764,ACJ-01,38.4,38.54184966,38.54184966,38.68369931,38.90153986,3.84,3.854184966,3.854184966,3.868369931,3.890153986,0.103262079,ok,ok,ok,ok,NA,0.001493154,0,0.001649415
178,770,NA,NA,NA,NA,NA,NA,NA,NA,NA,10.9,1.4,NA,0.574563977,2.16,NA,NA,NA,NA,NA,NA,11.11885376,1.4,NA,NA,NA,NA,NA,NA,NA,NA,NA,11.11885376,NA,NA,NA,2.16,NA,NA,NA,NA,NA,NA,NA,NA,11.33770751,1.4,NA,NA,5.98,NA,NA,NA,NA,NA,11.94360819,NA,NA,NA,5.98,NA,NA,NA,NA,NA,770,ACJ-01,10.9,11.11885376,11.11885376,11.33770751,11.94360819,1.09,1.111885376,1.111885376,1.133770751,1.194360819,0.28721266,ok,ok,ok,ok,NA,0.002303724,0,0.002544811
179,771,NA,NA,NA,NA,NA,NA,NA,NA,NA,16.6,1.4,NA,0.574563977,1.28,NA,NA,NA,NA,NA,NA,16.72969112,1.4,NA,NA,NA,NA,NA,NA,NA,NA,NA,16.72969112,NA,NA,NA,1.28,NA,NA,NA,NA,NA,NA,NA,NA,16.85938223,1.4,NA,NA,0,NA,NA,NA,NA,NA,16.85938223,NA,NA,NA,0,NA,NA,NA,NA,NA,771,ACJ-01,16.6,16.72969112,16.72969112,16.85938223,16.85938223,1.66,1.672969112,1.672969112,1.685938223,1.685938223,0,ok,ok,ok,ok,NA,0.00136517,0,0.001508036
180,776,NA,NA,NA,NA,NA,NA,NA,NA,NA,17.9,1.5,NA,0.540014578,5.32,NA,NA,NA,NA,NA,NA,18.4390287,1.5,NA,NA,NA,NA,NA,NA,NA,NA,NA,18.4390287,NA,NA,NA,5.32,NA,NA,NA,NA,NA,NA,NA,NA,18.97805739,1.5,NA,NA,8.08,NA,NA,NA,NA,NA,19.79673256,NA,NA,NA,8.08,NA,NA,NA,NA,NA,776,ACJ-01,17.9,18.4390287,18.4390287,18.97805739,19.79673256,1.79,1.84390287,1.84390287,1.897805739,1.979673256,0.388073295,ok,ok,ok,ok,NA,0.005673986,0,0.006267775
181,777,NA,NA,NA,NA,NA,NA,NA,NA,NA,25.6,1.35,NA,0.574563977,0,NA,NA,NA,NA,NA,NA,25.6,1.35,NA,NA,NA,NA,NA,NA,NA,NA,NA,25.6,NA,NA,NA,0,NA,NA,NA,NA,NA,NA,NA,NA,25.6,1.35,NA,NA,1.06,NA,NA,NA,NA,NA,25.70740045,NA,NA,NA,1.06,NA,NA,NA,NA,NA,777,ACJ-01,25.6,25.6,25.6,25.6,25.70740045,2.56,2.56,2.56,2.56,2.570740045,0.050910603,ok,ok,ok,ok,NA,0,0,0
182,784,NA,NA,NA,NA,NA,NA,NA,NA,NA,10.8,1.4,NA,0.540014578,5.83,NA,NA,NA,NA,NA,NA,11.3907025,1.4,NA,NA,NA,NA,NA,NA,NA,NA,NA,11.3907025,NA,NA,NA,5.83,NA,NA,NA,NA,NA,NA,NA,NA,11.981405,1.4,NA,NA,6.36,NA,NA,NA,NA,NA,12.62580773,NA,NA,NA,6.36,NA,NA,NA,NA,NA,784,ACJ-01,10.8,11.3907025,11.3907025,11.981405,12.62580773,1.08,1.13907025,1.13907025,1.1981405,1.262580773,0.305463632,ok,ok,ok,ok,NA,0.006217921,0,0.006868634
183,792,NA,NA,NA,NA,NA,NA,NA,NA,NA,19.5,1.4,NA,0.540014578,-1.04,NA,NA,NA,NA,NA,NA,19.39462597,1.4,NA,NA,NA,NA,NA,NA,NA,NA,NA,19.39462597,NA,NA,NA,-1.04,NA,NA,NA,NA,NA,NA,NA,NA,19.28925194,1.4,NA,NA,3.08,NA,NA,NA,NA,NA,19.60132118,NA,NA,NA,3.08,NA,NA,NA,NA,NA,792,ACJ-01,19.5,19.39462597,19.39462597,19.28925194,19.60132118,1.95,1.939462597,1.939462597,1.928925194,1.960132118,0.147928925,ok,ok,ok,ok,NA,-0.0011092,0,-0.001225279
184,794,NA,NA,NA,NA,NA,NA,NA,NA,NA,10.6,1.4,NA,0.59980802,0,NA,NA,NA,NA,NA,NA,10.6,1.4,NA,NA,NA,NA,NA,NA,NA,NA,NA,10.6,NA,NA,NA,0,NA,NA,NA,NA,NA,NA,NA,NA,10.6,1.4,NA,NA,0,NA,NA,NA,NA,NA,10.6,NA,NA,NA,0,NA,NA,NA,NA,NA,794,ACJ-01,10.6,10.6,10.6,10.6,10.6,1.06,1.06,1.06,1.06,1.06,0,ok,ok,ok,ok,NA,0,0,0
185,796,NA,NA,NA,NA,NA,NA,NA,NA,NA,36,1.5,NA,0.540014578,-0.04,NA,NA,NA,NA,NA,NA,35.99594715,1.5,NA,NA,NA,NA,NA,NA,NA,NA,NA,35.99594715,NA,NA,NA,-0.04,NA,NA,NA,NA,NA,NA,NA,NA,35.99189431,1.5,NA,NA,2.78,NA,NA,NA,NA,NA,36.2735672,NA,NA,NA,2.78,NA,NA,NA,NA,NA,796,ACJ-01,36,35.99594715,35.99594715,35.99189431,36.2735672,3.6,3.599594715,3.599594715,3.599189431,3.62735672,0.133520266,ok,ok,ok,ok,NA,-4.26616E-05,0,-4.7126E-05
186,799,NA,NA,NA,NA,NA,NA,NA,NA,NA,10.8,1.4,NA,0.574563977,-1.3,NA,NA,NA,NA,NA,NA,10.66828246,1.4,NA,NA,NA,NA,NA,NA,NA,NA,NA,10.66828246,NA,NA,NA,-1.3,NA,NA,NA,NA,NA,NA,NA,NA,10.53656492,1.4,NA,NA,-1.5,NA,NA,NA,NA,NA,10.38458315,NA,NA,NA,-1.5,NA,NA,NA,NA,NA,799,ACJ-01,10.8,10.66828246,10.66828246,10.53656492,10.38458315,1.08,1.066828246,1.066828246,1.053656492,1.038458315,-0.072043307,ok,ok,ok,ok,NA,-0.0013865,0,-0.001531599
187,803,NA,NA,NA,NA,NA,NA,NA,NA,NA,18.5,1.4,NA,0.59980802,0,NA,NA,NA,NA,NA,NA,18.5,1.4,NA,NA,NA,NA,NA,NA,NA,NA,NA,18.5,NA,NA,NA,0,NA,NA,NA,NA,NA,NA,NA,NA,18.5,1.4,NA,NA,0,NA,NA,NA,NA,NA,18.5,NA,NA,NA,0,NA,NA,NA,NA,NA,803,ACJ-01,18.5,18.5,18.5,18.5,18.5,1.85,1.85,1.85,1.85,1.85,0,ok,ok,ok,ok,NA,0,0,0
188,808,NA,NA,NA,NA,NA,NA,NA,NA,NA,12.1,1.4,NA,0.574563977,0,NA,NA,NA,NA,NA,NA,12.1,1.4,NA,NA,NA,NA,NA,NA,NA,NA,NA,12.1,NA,NA,NA,0,NA,NA,NA,NA,NA,NA,NA,NA,12.1,1.4,NA,NA,0,NA,NA,NA,NA,NA,12.1,NA,NA,NA,0,NA,NA,NA,NA,NA,808,ACJ-01,12.1,12.1,12.1,12.1,12.1,1.21,1.21,1.21,1.21,1.21,0,ok,ok,ok,ok,NA,0,0,0
189,824,NA,NA,NA,NA,NA,NA,NA,NA,NA,11.8,1.4,NA,0.540014578,1.39,NA,NA,NA,NA,NA,NA,11.94083645,1.4,NA,NA,NA,NA,NA,NA,NA,NA,NA,11.94083645,NA,NA,NA,1.39,NA,NA,NA,NA,NA,NA,NA,NA,12.08167289,1.4,NA,NA,1.75,NA,NA,NA,NA,NA,12.25898496,NA,NA,NA,1.75,NA,NA,NA,NA,NA,824,ACJ-01,11.8,11.94083645,11.94083645,12.08167289,12.25898496,1.18,1.194083645,1.194083645,1.208167289,1.225898496,0.084050527,ok,ok,ok,ok,NA,0.001482489,0,0.001637633
190,827,NA,NA,NA,NA,NA,NA,NA,NA,NA,11.7,1.35,NA,0.532941853,0,NA,NA,NA,NA,NA,NA,11.7,1.35,NA,NA,NA,NA,NA,NA,NA,NA,NA,11.7,NA,NA,NA,0,NA,NA,NA,NA,NA,NA,NA,NA,11.7,1.35,NA,NA,-1.5,NA,NA,NA,NA,NA,11.54801822,NA,NA,NA,-1.5,NA,NA,NA,NA,NA,827,ACJ-01,11.7,11.7,11.7,11.7,11.54801822,1.17,1.17,1.17,1.17,1.154801822,-0.072043311,ok,ok,ok,ok,NA,0,0,0
191,828,NA,NA,NA,NA,NA,NA,NA,NA,NA,25.2,1.35,NA,0.639235707,-3.1,NA,NA,NA,NA,NA,NA,24.88590433,1.35,NA,NA,NA,NA,NA,NA,NA,NA,NA,24.88590433,NA,NA,NA,-3.1,NA,NA,NA,NA,NA,NA,NA,NA,24.57180866,1.35,NA,NA,-2.1,NA,NA,NA,NA,NA,24.35903418,NA,NA,NA,-2.1,NA,NA,NA,NA,NA,828,ACJ-01,25.2,24.88590433,24.88590433,24.57180866,24.35903418,2.52,2.488590433,2.488590433,2.457180866,2.435903418,-0.10086063,ok,ok,ok,ok,NA,-0.00330627,0,-0.003652275
192,830,NA,NA,NA,NA,NA,NA,NA,NA,NA,10.5,1.35,NA,0.59980802,2,NA,NA,NA,NA,NA,NA,10.70264237,1.35,NA,NA,NA,NA,NA,NA,NA,NA,NA,10.70264237,NA,NA,NA,2,NA,NA,NA,NA,NA,NA,NA,NA,10.90528473,1.35,NA,NA,3.25,NA,NA,NA,NA,NA,11.23457858,NA,NA,NA,3.25,NA,NA,NA,NA,NA,830,ACJ-01,10.5,10.70264237,10.70264237,10.90528473,11.23457858,1.05,1.070264237,1.070264237,1.090528473,1.123457858,0.156093838,ok,ok,ok,ok,NA,0.002133078,0,0.002356307
193,832,NA,NA,NA,NA,NA,NA,NA,NA,NA,13,1.4,NA,0.574563977,1.6,NA,NA,NA,NA,NA,NA,13.16211389,1.4,NA,NA,NA,NA,NA,NA,NA,NA,NA,13.16211389,NA,NA,NA,1.6,NA,NA,NA,NA,NA,NA,NA,NA,13.32422779,1.4,NA,NA,3.65,NA,NA,NA,NA,NA,13.69405011,NA,NA,NA,3.65,NA,NA,NA,NA,NA,832,ACJ-01,13,13.16211389,13.16211389,13.32422779,13.69405011,1.3,1.316211389,1.316211389,1.332422779,1.369405011,0.175305385,ok,ok,ok,ok,NA,0.001706462,0,0.001885045
194,835,NA,NA,NA,NA,NA,NA,NA,NA,NA,10.4,1.4,NA,0.733252036,-0.9,NA,NA,NA,NA,NA,NA,10.30881093,1.4,NA,NA,NA,NA,NA,NA,NA,NA,NA,10.30881093,NA,NA,NA,-0.9,NA,NA,NA,NA,NA,NA,NA,NA,10.21762187,1.4,NA,NA,-0.2,NA,NA,NA,NA,NA,10.19735763,NA,NA,NA,-0.2,NA,NA,NA,NA,NA,835,ACJ-01,10.4,10.30881093,10.30881093,10.21762187,10.19735763,1.04,1.030881093,1.030881093,1.021762187,1.019735763,-0.009605776,ok,ok,ok,ok,NA,-0.000959885,0,-0.001060338
195,836,NA,NA,NA,NA,NA,NA,NA,NA,NA,14.4,1.4,NA,0.639235707,2.8,NA,NA,NA,NA,NA,NA,14.68369931,1.4,NA,NA,NA,NA,NA,NA,NA,NA,NA,14.68369931,NA,NA,NA,2.8,NA,NA,NA,NA,NA,NA,NA,NA,14.96739863,1.4,NA,NA,3.95,NA,NA,NA,NA,NA,15.3676173,NA,NA,NA,3.95,NA,NA,NA,NA,NA,836,ACJ-01,14.4,14.68369931,14.68369931,14.96739863,15.3676173,1.44,1.468369931,1.468369931,1.496739863,1.53676173,0.189714045,ok,ok,ok,ok,NA,0.002986309,0,0.003298829
196,839,NA,NA,NA,NA,NA,NA,NA,NA,NA,11.7,1.4,NA,0.540014578,1.91,NA,NA,NA,NA,NA,NA,11.89352346,1.4,NA,NA,NA,NA,NA,NA,NA,NA,NA,11.89352346,NA,NA,NA,1.91,NA,NA,NA,NA,NA,NA,NA,NA,12.08704692,1.4,NA,NA,3.22,NA,NA,NA,NA,NA,12.41330113,NA,NA,NA,3.22,NA,NA,NA,NA,NA,839,ACJ-01,11.7,11.89352346,11.89352346,12.08704692,12.41330113,1.17,1.189352346,1.189352346,1.208704692,1.241330113,0.15465297,ok,ok,ok,ok,NA,0.002037089,0,0.002250273
197,840,NA,NA,NA,NA,NA,NA,NA,NA,NA,19.5,1.4,NA,0.540014578,5.2,NA,NA,NA,NA,NA,NA,20.02687015,1.4,NA,NA,NA,NA,NA,NA,NA,NA,NA,20.02687015,NA,NA,NA,5.2,NA,NA,NA,NA,NA,NA,NA,NA,20.55374031,1.4,NA,NA,8.1,NA,NA,NA,NA,NA,21.3744419,NA,NA,NA,8.1,NA,NA,NA,NA,NA,840,ACJ-01,19.5,20.02687015,20.02687015,20.55374031,21.3744419,1.95,2.002687015,2.002687015,2.055374031,2.13744419,0.389033871,ok,ok,ok,ok,NA,0.005546002,0,0.006126397
198,843,NA,NA,NA,NA,NA,NA,NA,NA,NA,10.5,1.35,NA,0.59980802,0,NA,NA,NA,NA,NA,NA,10.5,1.35,NA,NA,NA,NA,NA,NA,NA,NA,NA,10.5,NA,NA,NA,0,NA,NA,NA,NA,NA,NA,NA,NA,10.5,1.35,NA,NA,0,NA,NA,NA,NA,NA,10.5,NA,NA,NA,0,NA,NA,NA,NA,NA,843,ACJ-01,10.5,10.5,10.5,10.5,10.5,1.05,1.05,1.05,1.05,1.05,0,ok,ok,ok,ok,NA,0,0,0
199,844,NA,NA,NA,NA,NA,NA,NA,NA,NA,11.1,1.5,NA,0.574563977,0,NA,NA,NA,NA,NA,NA,11.1,1.5,NA,NA,NA,NA,NA,NA,NA,NA,NA,11.1,NA,NA,NA,0,NA,NA,NA,NA,NA,NA,NA,NA,11.1,1.5,NA,NA,-0.8,NA,NA,NA,NA,NA,11.01894305,NA,NA,NA,-0.8,NA,NA,NA,NA,NA,844,ACJ-01,11.1,11.1,11.1,11.1,11.01894305,1.11,1.11,1.11,1.11,1.101894305,-0.0384231,ok,ok,ok,ok,NA,0,0,0
200,851,NA,NA,NA,NA,NA,NA,NA,NA,NA,11.9,1.4,NA,0.733252036,-1.47,NA,NA,NA,NA,NA,NA,11.75105786,1.4,NA,NA,NA,NA,NA,NA,NA,NA,NA,11.75105786,NA,NA,NA,-1.47,NA,NA,NA,NA,NA,NA,NA,NA,11.60211572,1.4,NA,NA,-2.5,NA,NA,NA,NA,NA,11.34881276,NA,NA,NA,-2.5,NA,NA,NA,NA,NA,851,ACJ-01,11.9,11.75105786,11.75105786,11.60211572,11.34881276,1.19,1.175105786,1.175105786,1.160211572,1.134881276,-0.120072182,ok,ok,ok,ok,NA,-0.001567812,0,-0.001731885
201,852,NA,NA,NA,NA,NA,NA,NA,NA,NA,16,1.4,NA,0.540014578,4.33,NA,NA,NA,NA,NA,NA,16.43872073,1.4,NA,NA,NA,NA,NA,NA,NA,NA,NA,16.43872073,NA,NA,NA,4.33,NA,NA,NA,NA,NA,NA,NA,NA,16.87744145,1.4,NA,NA,7.75,NA,NA,NA,NA,NA,17.66268062,NA,NA,NA,7.75,NA,NA,NA,NA,NA,852,ACJ-01,16,16.43872073,16.43872073,16.87744145,17.66268062,1.6,1.643872073,1.643872073,1.687744145,1.766268062,0.372223762,ok,ok,ok,ok,NA,0.004618113,0,0.005101404
