plot_code,year,month,day,ingrowth_core_num,is_stock_yn,ingrowth_core_litterfall_g,soil_humidity_pcnt,soil_temperature_c,ol_layer_depth_cm,ml_layer_depth_cm,time_step,time_step_minutes,ol_under_2mm_g,ml_under_2mm_g,ol_2to3_mm_g,ml_2to3_mm_g,ol_3to4_mm_g,ml_3to4_mm_g,ol_4to5_mm_g,ml_4to5_mm_g,ol_above_5mm_g,ml_above_5mm_g,quality_code,comments
ACJ-01,2013,2,16,1,y,NaN,NaN,NaN,30,NaN,1,10,4.78,NaN,NaN,NaN,NaN,NaN,NaN,NaN,NaN,NaN,,stock
ACJ-01,2013,2,16,1,y,NaN,NaN,NaN,30,NaN,2,10,0.98,NaN,NaN,NaN,NaN,NaN,NaN,NaN,NaN,NaN,,stock
ACJ-01,2013,2,16,1,y,NaN,NaN,NaN,30,NaN,3,10,0.89,NaN,NaN,NaN,NaN,NaN,NaN,NaN,NaN,NaN,,stock
ACJ-01,2013,2,16,1,y,NaN,NaN,NaN,30,NaN,4,10,0.63,NaN,NaN,NaN,NaN,NaN,NaN,NaN,NaN,NaN,,stock
ACJ-01,2013,2,16,2,y,NaN,NaN,NaN,20,10,1,10,2.48,0.09,0.22,NaN,NaN,NaN,NaN,NaN,NaN,NaN,,stock
ACJ-01,2013,2,16,2,y,NaN,NaN,NaN,20,10,2,10,0.48,0.05,0.02,NaN,NaN,NaN,NaN,NaN,NaN,NaN,,stock
ACJ-01,2013,2,16,2,y,NaN,NaN,NaN,20,10,3,10,0.16,0.02,0.02,NaN,NaN,NaN,NaN,NaN,NaN,NaN,,stock
ACJ-01,2013,2,16,2,y,NaN,NaN,NaN,20,10,4,10,0.22,0.04,NaN,NaN,NaN,NaN,NaN,NaN,NaN,NaN,,stock
ACJ-01,2013,2,16,3,y,NaN,NaN,NaN,30,NaN,1,10,2.44,NaN,3.36,NaN,NaN,NaN,NaN,NaN,NaN,NaN,,stock
ACJ-01,2013,2,16,3,y,NaN,NaN,NaN,30,NaN,2,10,1.63,NaN,NaN,NaN,NaN,NaN,NaN,NaN,NaN,NaN,,stock
ACJ-01,2013,2,16,3,y,NaN,NaN,NaN,30,NaN,3,10,1.11,NaN,NaN,NaN,NaN,NaN,NaN,NaN,NaN,NaN,,stock
ACJ-01,2013,2,16,3,y,NaN,NaN,NaN,30,NaN,4,10,0.45,NaN,NaN,NaN,NaN,NaN,NaN,NaN,NaN,NaN,,stock
ACJ-01,2013,2,16,4,y,NaN,NaN,NaN,20,10,1,10,2.1,0.18,0.85,NaN,NaN,NaN,NaN,NaN,NaN,NaN,,stock
ACJ-01,2013,2,16,4,y,NaN,NaN,NaN,20,10,2,10,0.43,0.04,NaN,NaN,NaN,NaN,NaN,NaN,NaN,NaN,,stock
ACJ-01,2013,2,16,4,y,NaN,NaN,NaN,20,10,3,10,0.26,0.02,NaN,NaN,NaN,NaN,NaN,NaN,NaN,NaN,,stock
ACJ-01,2013,2,16,4,y,NaN,NaN,NaN,20,10,4,10,0.15,0.01,NaN,NaN,NaN,NaN,NaN,NaN,NaN,NaN,,stock
ACJ-01,2013,2,16,5,y,NaN,NaN,NaN,30,NaN,1,10,1.85,NaN,0.39,NaN,NaN,NaN,NaN,NaN,NaN,NaN,,stock
ACJ-01,2013,2,16,5,y,NaN,NaN,NaN,30,NaN,2,10,1.04,NaN,0.14,NaN,NaN,NaN,NaN,NaN,NaN,NaN,,stock
ACJ-01,2013,2,16,5,y,NaN,NaN,NaN,30,NaN,3,10,0.54,NaN,NaN,NaN,NaN,NaN,NaN,NaN,NaN,NaN,,stock
ACJ-01,2013,2,16,5,y,NaN,NaN,NaN,30,NaN,4,10,0.6,NaN,0.15,NaN,NaN,NaN,NaN,NaN,NaN,NaN,,stock
ACJ-01,2013,2,16,6,y,NaN,NaN,NaN,20,10,1,10,3.04,0.4,1.9,0.26,NaN,NaN,NaN,NaN,NaN,NaN,,stock
ACJ-01,2013,2,16,6,y,NaN,NaN,NaN,20,10,2,10,0.99,0.06,NaN,NaN,NaN,NaN,NaN,NaN,NaN,NaN,,stock
ACJ-01,2013,2,16,6,y,NaN,NaN,NaN,20,10,3,10,0.29,0.06,NaN,NaN,NaN,NaN,NaN,NaN,NaN,NaN,,stock
ACJ-01,2013,2,16,6,y,NaN,NaN,NaN,20,10,4,10,0.38,0.01,NaN,NaN,NaN,NaN,NaN,NaN,NaN,NaN,,stock
ACJ-01,2013,2,16,7,y,NaN,NaN,NaN,20,10,1,10,1.96,0.22,NaN,NaN,NaN,NaN,NaN,NaN,NaN,NaN,,stock
ACJ-01,2013,2,16,7,y,NaN,NaN,NaN,20,10,2,10,0.64,0.06,NaN,NaN,NaN,NaN,NaN,NaN,NaN,NaN,,stock
ACJ-01,2013,2,16,7,y,NaN,NaN,NaN,20,10,3,10,0.32,0.04,NaN,NaN,NaN,NaN,NaN,NaN,NaN,NaN,,stock
ACJ-01,2013,2,16,7,y,NaN,NaN,NaN,20,10,4,10,0.13,0.01,NaN,NaN,NaN,NaN,NaN,NaN,NaN,NaN,,stock
ACJ-01,2013,2,16,8,y,NaN,NaN,NaN,20,10,1,10,7.62,0.48,0.29,0.29,NaN,NaN,NaN,NaN,NaN,NaN,,stock
ACJ-01,2013,2,16,8,y,NaN,NaN,NaN,20,10,2,10,0.87,0.39,0.46,0.46,NaN,NaN,NaN,NaN,NaN,NaN,,stock
ACJ-01,2013,2,16,8,y,NaN,NaN,NaN,20,10,3,10,0.52,0.17,NaN,NaN,NaN,NaN,NaN,NaN,NaN,NaN,,stock
ACJ-01,2013,2,16,8,y,NaN,NaN,NaN,20,10,4,10,0.33,0.05,NaN,NaN,NaN,NaN,NaN,NaN,NaN,NaN,,stock
ACJ-01,2013,2,16,9,y,NaN,NaN,NaN,30,NaN,1,10,5.47,NaN,1.6,NaN,NaN,NaN,NaN,NaN,NaN,NaN,,stock
ACJ-01,2013,2,16,9,y,NaN,NaN,NaN,30,NaN,2,10,1.22,NaN,NaN,NaN,NaN,NaN,NaN,NaN,NaN,NaN,,stock
ACJ-01,2013,2,16,9,y,NaN,NaN,NaN,30,NaN,3,10,0.61,NaN,0.08,NaN,NaN,NaN,NaN,NaN,NaN,NaN,,stock
ACJ-01,2013,2,16,9,y,NaN,NaN,NaN,30,NaN,4,10,0.95,NaN,0.42,NaN,NaN,NaN,NaN,NaN,NaN,NaN,,stock
ACJ-01,2013,2,16,10,y,NaN,NaN,NaN,25,5,1,10,2.46,0.02,0.28,NaN,NaN,NaN,NaN,NaN,NaN,NaN,,stock
ACJ-01,2013,2,16,10,y,NaN,NaN,NaN,25,5,2,10,0.64,0.04,NaN,NaN,NaN,NaN,NaN,NaN,NaN,NaN,,stock
ACJ-01,2013,2,16,10,y,NaN,NaN,NaN,25,5,3,10,0.18,0,NaN,NaN,NaN,NaN,NaN,NaN,NaN,NaN,,stock
ACJ-01,2013,2,16,10,y,NaN,NaN,NaN,25,5,4,10,0.14,0,NaN,NaN,NaN,NaN,NaN,NaN,NaN,NaN,,stock
ACJ-01,2013,2,16,11,y,NaN,NaN,NaN,20,10,1,10,4.27,1.23,0.92,NaN,NaN,NaN,NaN,NaN,NaN,NaN,,stock
ACJ-01,2013,2,16,11,y,NaN,NaN,NaN,20,10,2,10,1.42,0.15,NaN,NaN,NaN,NaN,NaN,NaN,NaN,NaN,,stock
ACJ-01,2013,2,16,11,y,NaN,NaN,NaN,20,10,3,10,0.7,0.2,NaN,NaN,NaN,NaN,NaN,NaN,NaN,NaN,,stock
ACJ-01,2013,2,16,11,y,NaN,NaN,NaN,20,10,4,10,0.36,0.05,NaN,0.03,NaN,NaN,NaN,NaN,NaN,NaN,,stock
ACJ-01,2013,2,16,12,y,NaN,NaN,NaN,10,20,1,10,1.46,0.93,0.22,0.61,NaN,NaN,NaN,NaN,NaN,NaN,,stock
ACJ-01,2013,2,16,12,y,NaN,NaN,NaN,10,20,2,10,0.36,0.27,NaN,0.3,NaN,NaN,NaN,NaN,NaN,NaN,,stock
ACJ-01,2013,2,16,12,y,NaN,NaN,NaN,10,20,3,10,0.15,0.1,NaN,0.06,NaN,NaN,NaN,NaN,NaN,NaN,,stock
ACJ-01,2013,2,16,12,y,NaN,NaN,NaN,10,20,4,10,0.09,0.07,NaN,NaN,NaN,NaN,NaN,NaN,NaN,NaN,,stock
ACJ-01,2013,2,16,13,y,NaN,NaN,NaN,20,10,1,10,1.79,0.57,0.22,0.33,NaN,NaN,NaN,NaN,NaN,NaN,,stock
ACJ-01,2013,2,16,13,y,NaN,NaN,NaN,20,10,2,10,0.67,0.53,NaN,0.03,NaN,NaN,NaN,NaN,NaN,NaN,,stock
ACJ-01,2013,2,16,13,y,NaN,NaN,NaN,20,10,3,10,0.18,0.18,NaN,0.2,NaN,NaN,NaN,NaN,NaN,NaN,,stock
ACJ-01,2013,2,16,13,y,NaN,NaN,NaN,20,10,4,10,0.1,0.02,NaN,NaN,NaN,NaN,NaN,NaN,NaN,NaN,,stock
ACJ-01,2013,2,16,14,y,NaN,NaN,NaN,20,10,1,10,0.8,0.28,0.08,NaN,NaN,NaN,NaN,NaN,NaN,NaN,,stock
ACJ-01,2013,2,16,14,y,NaN,NaN,NaN,20,10,2,10,0.51,0.02,NaN,NaN,NaN,NaN,NaN,NaN,NaN,NaN,,stock
ACJ-01,2013,2,16,14,y,NaN,NaN,NaN,20,10,3,10,0.14,0.02,NaN,NaN,NaN,NaN,NaN,NaN,NaN,NaN,,stock
ACJ-01,2013,2,16,14,y,NaN,NaN,NaN,20,10,4,10,0.1,0.06,NaN,NaN,NaN,NaN,NaN,NaN,NaN,NaN,,stock
ACJ-01,2013,2,16,15,y,NaN,NaN,NaN,20,10,1,10,1.32,NaN,0.34,NaN,NaN,NaN,NaN,NaN,NaN,NaN,,stock
ACJ-01,2013,2,16,15,y,NaN,NaN,NaN,20,10,2,10,0.94,NaN,NaN,NaN,NaN,NaN,NaN,NaN,NaN,NaN,,stock
ACJ-01,2013,2,16,15,y,NaN,NaN,NaN,20,10,3,10,0.42,NaN,NaN,NaN,NaN,NaN,NaN,NaN,NaN,NaN,,stock
ACJ-01,2013,2,16,15,y,NaN,NaN,NaN,20,10,4,10,0.51,NaN,NaN,NaN,NaN,NaN,NaN,NaN,NaN,NaN,,stock
ACJ-01,2013,2,16,16,y,NaN,NaN,NaN,20,10,1,10,1.92,0.23,0.58,NaN,NaN,NaN,NaN,NaN,NaN,NaN,,stock
ACJ-01,2013,2,16,16,y,NaN,NaN,NaN,20,10,2,10,1.6,0.44,NaN,NaN,NaN,NaN,NaN,NaN,NaN,NaN,,stock
ACJ-01,2013,2,16,16,y,NaN,NaN,NaN,20,10,3,10,1.36,0.29,NaN,NaN,NaN,NaN,NaN,NaN,NaN,NaN,,stock
ACJ-01,2013,2,16,16,y,NaN,NaN,NaN,20,10,4,10,0.81,0.17,NaN,NaN,NaN,NaN,NaN,NaN,NaN,NaN,,stock
ACJ-01,2013,6,20,1,n,10.84,40.8,7.9,30,NaN,1,10,0.0652,NaN,NaN,NaN,NaN,NaN,NaN,NaN,NaN,NaN,,
ACJ-01,2013,6,20,1,n,NaN,NaN,NaN,30,NaN,2,10,0.188,NaN,NaN,NaN,NaN,NaN,NaN,NaN,NaN,NaN,,
ACJ-01,2013,6,20,1,n,NaN,NaN,NaN,30,NaN,3,10,0.166,NaN,NaN,NaN,NaN,NaN,NaN,NaN,NaN,NaN,,
ACJ-01,2013,6,20,1,n,NaN,NaN,NaN,30,NaN,4,10,0.138,NaN,NaN,NaN,NaN,NaN,NaN,NaN,NaN,NaN,,
ACJ-01,2013,6,20,2,n,6.84,27.5,7.8,20,10,1,10,0.036,0.016,NaN,NaN,NaN,NaN,NaN,NaN,NaN,NaN,,
ACJ-01,2013,6,20,2,n,NaN,NaN,NaN,20,10,2,10,0.012,0.01,NaN,NaN,NaN,NaN,NaN,NaN,NaN,NaN,,
ACJ-01,2013,6,20,2,n,NaN,NaN,NaN,20,10,3,10,0.016,0.001,NaN,NaN,NaN,NaN,NaN,NaN,NaN,NaN,,
ACJ-01,2013,6,20,2,n,NaN,NaN,NaN,20,10,4,10,0.012,0.001,NaN,NaN,NaN,NaN,NaN,NaN,NaN,NaN,,
ACJ-01,2013,6,20,3,n,8.43,39.1,7.4,30,NaN,1,10,0.222,NaN,NaN,NaN,NaN,NaN,NaN,NaN,NaN,NaN,,
ACJ-01,2013,6,20,3,n,NaN,NaN,NaN,30,NaN,2,10,0.192,NaN,NaN,NaN,NaN,NaN,NaN,NaN,NaN,NaN,,
ACJ-01,2013,6,20,3,n,NaN,NaN,NaN,30,NaN,3,10,0.212,NaN,NaN,NaN,NaN,NaN,NaN,NaN,NaN,NaN,,
ACJ-01,2013,6,20,3,n,NaN,NaN,NaN,30,NaN,4,10,0.114,NaN,NaN,NaN,NaN,NaN,NaN,NaN,NaN,NaN,,
ACJ-01,2013,6,20,4,n,7.85,52.1,7.5,20,10,1,10,0.2,0.006,NaN,NaN,NaN,NaN,NaN,NaN,NaN,NaN,,
ACJ-01,2013,6,20,4,n,NaN,NaN,NaN,20,10,2,10,0.024,0.001,NaN,NaN,NaN,NaN,NaN,NaN,NaN,NaN,,
ACJ-01,2013,6,20,4,n,NaN,NaN,NaN,20,10,3,10,0.016,0.001,NaN,NaN,NaN,NaN,NaN,NaN,NaN,NaN,,
ACJ-01,2013,6,20,4,n,NaN,NaN,NaN,20,10,4,10,0.015,0.001,NaN,NaN,NaN,NaN,NaN,NaN,NaN,NaN,,
ACJ-01,2013,6,20,5,n,7.62,18.8,7.8,30,NaN,1,10,0.28,NaN,0.106,NaN,NaN,NaN,NaN,NaN,NaN,NaN,,
ACJ-01,2013,6,20,5,n,NaN,NaN,NaN,30,NaN,2,10,0.292,NaN,NaN,NaN,NaN,NaN,NaN,NaN,NaN,NaN,,
ACJ-01,2013,6,20,5,n,NaN,NaN,NaN,30,NaN,3,10,0.076,NaN,NaN,NaN,NaN,NaN,NaN,NaN,NaN,NaN,,
ACJ-01,2013,6,20,5,n,NaN,NaN,NaN,30,NaN,4,10,0.124,NaN,NaN,NaN,NaN,NaN,NaN,NaN,NaN,NaN,,
ACJ-01,2013,6,20,6,n,6.3,44.4,7.2,20,10,1,10,0.404,0.046,0.108,NaN,NaN,NaN,NaN,NaN,NaN,NaN,,
ACJ-01,2013,6,20,6,n,NaN,NaN,NaN,20,10,2,10,0.08,0.01,NaN,NaN,NaN,NaN,NaN,NaN,NaN,NaN,,
ACJ-01,2013,6,20,6,n,NaN,NaN,NaN,20,10,3,10,0.064,0.018,NaN,NaN,NaN,NaN,NaN,NaN,NaN,NaN,,
ACJ-01,2013,6,20,6,n,NaN,NaN,NaN,20,10,4,10,0.044,0.017,NaN,NaN,NaN,NaN,NaN,NaN,NaN,NaN,,
ACJ-01,2013,6,20,7,n,7.91,43.6,8.2,20,10,1,10,0.04,0.001,NaN,NaN,NaN,NaN,NaN,NaN,NaN,NaN,,
ACJ-01,2013,6,20,7,n,NaN,NaN,NaN,20,10,2,10,0.01,0.001,NaN,NaN,NaN,NaN,NaN,NaN,NaN,NaN,,
ACJ-01,2013,6,20,7,n,NaN,NaN,NaN,20,10,3,10,0.018,0.001,NaN,NaN,NaN,NaN,NaN,NaN,NaN,NaN,,
ACJ-01,2013,6,20,7,n,NaN,NaN,NaN,20,10,4,10,0.006,0.001,NaN,NaN,NaN,NaN,NaN,NaN,NaN,NaN,,
ACJ-01,2013,6,20,8,n,2.68,20.8,8.1,20,10,1,10,0.07,0.05,NaN,NaN,NaN,NaN,NaN,NaN,NaN,NaN,,
ACJ-01,2013,6,20,8,n,NaN,NaN,NaN,20,10,2,10,0.098,0.044,NaN,NaN,NaN,NaN,NaN,NaN,NaN,NaN,,
ACJ-01,2013,6,20,8,n,NaN,NaN,NaN,20,10,3,10,0.092,0.07,NaN,NaN,NaN,NaN,NaN,NaN,NaN,NaN,,
ACJ-01,2013,6,20,8,n,NaN,NaN,NaN,20,10,4,10,0.076,0.056,NaN,NaN,NaN,NaN,NaN,NaN,NaN,NaN,,
ACJ-01,2013,6,20,9,n,7.39,39.4,8.2,30,NaN,1,10,0.386,NaN,0.138,NaN,NaN,NaN,NaN,NaN,NaN,NaN,,
ACJ-01,2013,6,20,9,n,NaN,NaN,NaN,30,NaN,2,10,0.184,NaN,NaN,NaN,NaN,NaN,NaN,NaN,NaN,NaN,,
ACJ-01,2013,6,20,9,n,NaN,NaN,NaN,30,NaN,3,10,0.104,NaN,NaN,NaN,NaN,NaN,NaN,NaN,NaN,NaN,,
ACJ-01,2013,6,20,9,n,NaN,NaN,NaN,30,NaN,4,10,0.084,NaN,NaN,NaN,NaN,NaN,NaN,NaN,NaN,NaN,,
ACJ-01,2013,6,20,10,n,8.89,38.3,7.3,25,5,1,10,0.316,0.066,NaN,NaN,NaN,NaN,NaN,NaN,NaN,NaN,,
ACJ-01,2013,6,20,10,n,NaN,NaN,NaN,25,5,2,10,0.088,0.034,NaN,NaN,NaN,NaN,NaN,NaN,NaN,NaN,,
ACJ-01,2013,6,20,10,n,NaN,NaN,NaN,25,5,3,10,0.112,0.018,NaN,NaN,NaN,NaN,NaN,NaN,NaN,NaN,,
ACJ-01,2013,6,20,10,n,NaN,NaN,NaN,25,5,4,10,0.086,0.022,NaN,NaN,NaN,NaN,NaN,NaN,NaN,NaN,,
ACJ-01,2013,6,20,11,n,10.94,21.8,7.5,20,10,1,10,0.358,0.022,NaN,NaN,NaN,NaN,NaN,NaN,NaN,NaN,,
ACJ-01,2013,6,20,11,n,NaN,NaN,NaN,20,10,2,10,0.07,0.008,NaN,NaN,NaN,NaN,NaN,NaN,NaN,NaN,,
ACJ-01,2013,6,20,11,n,NaN,NaN,NaN,20,10,3,10,0.066,0.008,NaN,NaN,NaN,NaN,NaN,NaN,NaN,NaN,,
ACJ-01,2013,6,20,11,n,NaN,NaN,NaN,20,10,4,10,0.042,0.001,NaN,NaN,NaN,NaN,NaN,NaN,NaN,NaN,,
ACJ-01,2013,6,20,12,n,11.72,21.3,8.1,10,20,1,10,0.282,0.014,NaN,NaN,NaN,NaN,NaN,NaN,NaN,NaN,,
ACJ-01,2013,6,20,12,n,NaN,NaN,NaN,10,20,2,10,0.152,0.026,NaN,NaN,NaN,NaN,NaN,NaN,NaN,NaN,,
ACJ-01,2013,6,20,12,n,NaN,NaN,NaN,10,20,3,10,0.066,0.01,NaN,NaN,NaN,NaN,NaN,NaN,NaN,NaN,,
ACJ-01,2013,6,20,12,n,NaN,NaN,NaN,10,20,4,10,0.064,0.016,NaN,NaN,NaN,NaN,NaN,NaN,NaN,NaN,,
ACJ-01,2013,6,20,13,n,3.71,26.9,7.8,20,10,1,10,0.026,0.058,NaN,NaN,NaN,NaN,NaN,NaN,NaN,NaN,,
ACJ-01,2013,6,20,13,n,NaN,NaN,NaN,20,10,2,10,0.02,0.036,NaN,NaN,NaN,NaN,NaN,NaN,NaN,NaN,,
ACJ-01,2013,6,20,13,n,NaN,NaN,NaN,20,10,3,10,0.034,0.022,NaN,NaN,NaN,NaN,NaN,NaN,NaN,NaN,,
ACJ-01,2013,6,20,13,n,NaN,NaN,NaN,20,10,4,10,0.024,0.02,NaN,NaN,NaN,NaN,NaN,NaN,NaN,NaN,,
ACJ-01,2013,6,20,14,n,6.14,48.9,7.3,20,10,1,10,0.038,0.036,NaN,NaN,NaN,NaN,NaN,NaN,NaN,NaN,,
ACJ-01,2013,6,20,14,n,NaN,NaN,NaN,20,10,2,10,0.022,0.046,NaN,NaN,NaN,NaN,NaN,NaN,NaN,NaN,,
ACJ-01,2013,6,20,14,n,NaN,NaN,NaN,20,10,3,10,0.006,0.016,NaN,NaN,NaN,NaN,NaN,NaN,NaN,NaN,,
ACJ-01,2013,6,20,14,n,NaN,NaN,NaN,20,10,4,10,0.018,0.004,NaN,NaN,NaN,NaN,NaN,NaN,NaN,NaN,,
ACJ-01,2013,6,20,15,n,8.03,39.2,7.8,20,10,1,10,0.428,NaN,NaN,NaN,NaN,NaN,NaN,NaN,NaN,NaN,,
ACJ-01,2013,6,20,15,n,NaN,NaN,NaN,20,10,2,10,0.146,NaN,NaN,NaN,NaN,NaN,NaN,NaN,NaN,NaN,,
ACJ-01,2013,6,20,15,n,NaN,NaN,NaN,20,10,3,10,0.198,NaN,NaN,NaN,NaN,NaN,NaN,NaN,NaN,NaN,,
ACJ-01,2013,6,20,15,n,NaN,NaN,NaN,20,10,4,10,0.078,NaN,NaN,NaN,NaN,NaN,NaN,NaN,NaN,NaN,,
ACJ-01,2013,6,20,16,n,7.31,43.9,8.3,20,10,1,10,0.224,0.08,NaN,NaN,NaN,NaN,NaN,NaN,NaN,NaN,,
ACJ-01,2013,6,20,16,n,NaN,NaN,NaN,20,10,2,10,0.05,0.032,NaN,NaN,NaN,NaN,NaN,NaN,NaN,NaN,,
ACJ-01,2013,6,20,16,n,NaN,NaN,NaN,20,10,3,10,0.06,0.034,NaN,NaN,NaN,NaN,NaN,NaN,NaN,NaN,,
ACJ-01,2013,6,20,16,n,NaN,NaN,NaN,20,10,4,10,0.088,0.001,NaN,NaN,NaN,NaN,NaN,NaN,NaN,NaN,,
ACJ-01,2013,9,25,1,n,2.58,41.1,8.2,30,NaN,1,10,0.072,NaN,NaN,NaN,NaN,NaN,NaN,NaN,NaN,NaN,,
ACJ-01,2013,9,25,1,n,NaN,NaN,NaN,30,NaN,2,10,0.056,NaN,NaN,NaN,NaN,NaN,NaN,NaN,NaN,NaN,,
ACJ-01,2013,9,25,1,n,NaN,NaN,NaN,30,NaN,3,10,0.03,NaN,NaN,NaN,NaN,NaN,NaN,NaN,NaN,NaN,,
ACJ-01,2013,9,25,1,n,3.36,NaN,NaN,30,NaN,4,10,0.042,NaN,NaN,NaN,NaN,NaN,NaN,NaN,NaN,NaN,,
ACJ-01,2013,9,25,2,n,NaN,41.2,7.9,20,10,1,10,0.118,0.036,NaN,NaN,NaN,NaN,NaN,NaN,NaN,NaN,,
ACJ-01,2013,9,25,2,n,NaN,NaN,NaN,20,10,2,10,0.012,0.01,NaN,NaN,NaN,NaN,NaN,NaN,NaN,NaN,,
ACJ-01,2013,9,25,2,n,NaN,NaN,NaN,20,10,3,10,0.016,0.008,NaN,NaN,NaN,NaN,NaN,NaN,NaN,NaN,,
ACJ-01,2013,9,25,2,n,NaN,NaN,NaN,20,10,4,10,0.002,0.002,NaN,NaN,NaN,NaN,NaN,NaN,NaN,NaN,,
ACJ-01,2013,9,25,3,n,3.36,NaN,NaN,30,NaN,1,10,0.354,NaN,NaN,NaN,NaN,NaN,NaN,NaN,NaN,NaN,,
ACJ-01,2013,9,25,3,n,NaN,NaN,NaN,30,NaN,2,10,0.164,NaN,NaN,NaN,NaN,NaN,NaN,NaN,NaN,NaN,,
ACJ-01,2013,9,25,3,n,NaN,NaN,NaN,30,NaN,3,10,0.104,NaN,NaN,NaN,NaN,NaN,NaN,NaN,NaN,NaN,,
ACJ-01,2013,9,25,3,n,NaN,NaN,NaN,30,NaN,4,10,0.076,NaN,NaN,NaN,NaN,NaN,NaN,NaN,NaN,NaN,,
ACJ-01,2013,9,25,4,n,3.58,31.8,7.7,20,10,1,10,0.016,0,NaN,NaN,NaN,NaN,NaN,NaN,NaN,NaN,,
ACJ-01,2013,9,25,4,n,NaN,NaN,NaN,20,10,2,10,0.026,0,NaN,NaN,NaN,NaN,NaN,NaN,NaN,NaN,,
ACJ-01,2013,9,25,4,n,NaN,NaN,NaN,20,10,3,10,0.012,0,NaN,NaN,NaN,NaN,NaN,NaN,NaN,NaN,,
ACJ-01,2013,9,25,4,n,NaN,NaN,NaN,20,10,4,10,0.002,0,NaN,NaN,NaN,NaN,NaN,NaN,NaN,NaN,,
ACJ-01,2013,9,25,5,n,1.96,32.5,7.9,30,NaN,1,10,0.296,NaN,NaN,NaN,NaN,NaN,NaN,NaN,NaN,NaN,,
ACJ-01,2013,9,25,5,n,NaN,NaN,NaN,30,NaN,2,10,0.204,NaN,NaN,NaN,NaN,NaN,NaN,NaN,NaN,NaN,,
ACJ-01,2013,9,25,5,n,NaN,NaN,NaN,30,NaN,3,10,0.14,NaN,NaN,NaN,NaN,NaN,NaN,NaN,NaN,NaN,,
ACJ-01,2013,9,25,5,n,NaN,NaN,NaN,30,NaN,4,10,0.064,NaN,NaN,NaN,NaN,NaN,NaN,NaN,NaN,NaN,,
ACJ-01,2013,9,25,6,n,3.66,34.2,7.7,20,10,1,10,0.048,0.018,NaN,NaN,NaN,NaN,NaN,NaN,NaN,NaN,,
ACJ-01,2013,9,25,6,n,NaN,NaN,NaN,20,10,2,10,0.064,0.024,NaN,NaN,NaN,NaN,NaN,NaN,NaN,NaN,,
ACJ-01,2013,9,25,6,n,NaN,NaN,NaN,20,10,3,10,0.02,0.022,NaN,NaN,NaN,NaN,NaN,NaN,NaN,NaN,,
ACJ-01,2013,9,25,6,n,NaN,NaN,NaN,20,10,4,10,0.01,0.03,NaN,NaN,NaN,NaN,NaN,NaN,NaN,NaN,,
ACJ-01,2013,9,25,7,n,4.95,34.5,7.9,20,10,1,10,0.028,0.026,NaN,0.102,NaN,NaN,NaN,NaN,NaN,NaN,,
ACJ-01,2013,9,25,7,n,NaN,NaN,NaN,20,10,2,10,0.018,0.02,NaN,NaN,NaN,NaN,NaN,NaN,NaN,NaN,,
ACJ-01,2013,9,25,7,n,NaN,NaN,NaN,20,10,3,10,0.012,0.002,NaN,NaN,NaN,NaN,NaN,NaN,NaN,NaN,,
ACJ-01,2013,9,25,7,n,NaN,NaN,NaN,20,10,4,10,0.01,0.03,NaN,NaN,NaN,NaN,NaN,NaN,NaN,NaN,,
ACJ-01,2013,9,25,8,n,3.48,34.3,7.7,20,10,1,10,0.038,0.034,0.09,0.092,NaN,NaN,NaN,NaN,NaN,NaN,,
ACJ-01,2013,9,25,8,n,NaN,NaN,NaN,20,10,2,10,0.046,0.009,NaN,NaN,NaN,NaN,NaN,NaN,NaN,NaN,,"ml_under2 was ""0.0.09"".  Changed to ""0.009"", but not sure if it should be ""0.09"" instead.  Checking with Cecile."
ACJ-01,2013,9,25,8,n,NaN,NaN,NaN,20,10,3,10,0.028,0.042,NaN,NaN,NaN,NaN,NaN,NaN,NaN,NaN,,
ACJ-01,2013,9,25,8,n,NaN,NaN,NaN,20,10,4,10,0.024,0.024,NaN,NaN,NaN,NaN,NaN,NaN,NaN,NaN,,
ACJ-01,2013,9,25,9,n,4.83,37.8,8.4,30,NaN,1,10,0.044,NaN,NaN,NaN,NaN,NaN,NaN,NaN,NaN,NaN,,
ACJ-01,2013,9,25,9,n,NaN,NaN,NaN,30,NaN,2,10,0.102,NaN,NaN,NaN,NaN,NaN,NaN,NaN,NaN,NaN,,
ACJ-01,2013,9,25,9,n,NaN,NaN,NaN,30,NaN,3,10,0.144,NaN,NaN,NaN,NaN,NaN,NaN,NaN,NaN,NaN,,
ACJ-01,2013,9,25,9,n,NaN,NaN,NaN,30,NaN,4,10,0.07,NaN,NaN,NaN,NaN,NaN,NaN,NaN,NaN,NaN,,
ACJ-01,2013,9,25,10,n,1.39,38.9,8.1,25,5,1,10,0.072,0.054,NaN,NaN,NaN,NaN,NaN,NaN,NaN,NaN,,
ACJ-01,2013,9,25,10,n,NaN,NaN,NaN,25,5,2,10,0.042,0.018,NaN,NaN,NaN,NaN,NaN,NaN,NaN,NaN,,
ACJ-01,2013,9,25,10,n,NaN,NaN,NaN,25,5,3,10,0.026,0.014,NaN,NaN,NaN,NaN,NaN,NaN,NaN,NaN,,
ACJ-01,2013,9,25,10,n,NaN,NaN,NaN,25,5,4,10,0.05,0,NaN,NaN,NaN,NaN,NaN,NaN,NaN,NaN,,
ACJ-01,2013,9,25,11,n,6.97,37.5,8.2,20,10,1,10,1.02,0.528,NaN,NaN,NaN,NaN,NaN,NaN,NaN,NaN,,
ACJ-01,2013,9,25,11,n,NaN,NaN,NaN,20,10,2,10,0.218,0.126,NaN,NaN,NaN,NaN,NaN,NaN,NaN,NaN,,
ACJ-01,2013,9,25,11,n,NaN,NaN,NaN,20,10,3,10,0.054,0.108,NaN,NaN,NaN,NaN,NaN,NaN,NaN,NaN,,
ACJ-01,2013,9,25,11,n,NaN,NaN,NaN,20,10,4,10,0.074,0.018,NaN,NaN,NaN,NaN,NaN,NaN,NaN,NaN,,
ACJ-01,2013,9,25,12,n,2.09,38.3,7.9,10,20,1,10,0.242,0.052,0.066,0.104,NaN,NaN,NaN,NaN,NaN,NaN,,
ACJ-01,2013,9,25,12,n,NaN,NaN,NaN,10,20,2,10,0.038,0.008,NaN,NaN,NaN,NaN,NaN,NaN,NaN,NaN,,
ACJ-01,2013,9,25,12,n,NaN,NaN,NaN,10,20,3,10,0.042,0.01,NaN,0.038,NaN,NaN,NaN,NaN,NaN,NaN,,
ACJ-01,2013,9,25,12,n,NaN,NaN,NaN,10,20,4,10,0.018,0.022,NaN,NaN,NaN,NaN,NaN,NaN,NaN,NaN,,
ACJ-01,2013,9,25,13,n,2.7,37.5,7.9,20,10,1,10,0.16,0.19,NaN,NaN,NaN,NaN,NaN,NaN,NaN,NaN,,
ACJ-01,2013,9,25,13,n,NaN,NaN,NaN,20,10,2,10,0.058,0.01,NaN,NaN,NaN,NaN,NaN,NaN,NaN,NaN,,
ACJ-01,2013,9,25,13,n,NaN,NaN,NaN,20,10,3,10,0.014,0.006,NaN,NaN,NaN,NaN,NaN,NaN,NaN,NaN,,
ACJ-01,2013,9,25,13,n,NaN,NaN,NaN,20,10,4,10,0,0,NaN,NaN,NaN,NaN,NaN,NaN,NaN,NaN,,
ACJ-01,2013,9,25,14,n,2.94,39.2,7.9,20,10,1,10,0.26,0.056,NaN,NaN,NaN,NaN,NaN,NaN,NaN,NaN,,
ACJ-01,2013,9,25,14,n,NaN,NaN,NaN,20,10,2,10,0.038,0.002,0.024,NaN,NaN,NaN,NaN,NaN,NaN,NaN,,
ACJ-01,2013,9,25,14,n,NaN,NaN,NaN,20,10,3,10,0.012,0.008,NaN,NaN,NaN,NaN,NaN,NaN,NaN,NaN,,
ACJ-01,2013,9,25,14,n,NaN,NaN,NaN,20,10,4,10,0.002,0.01,0,NaN,NaN,NaN,NaN,NaN,NaN,NaN,,
ACJ-01,2013,9,25,15,n,2.25,30.5,8.5,20,10,1,10,0.084,NaN,0.04,NaN,NaN,NaN,NaN,NaN,NaN,NaN,,
ACJ-01,2013,9,25,15,n,NaN,NaN,NaN,20,10,2,10,0.076,NaN,NaN,NaN,NaN,NaN,NaN,NaN,NaN,NaN,,
ACJ-01,2013,9,25,15,n,NaN,NaN,NaN,20,10,3,10,0.062,NaN,NaN,NaN,NaN,NaN,NaN,NaN,NaN,NaN,,
ACJ-01,2013,9,25,15,n,NaN,NaN,NaN,20,10,4,10,0.034,NaN,NaN,NaN,NaN,NaN,NaN,NaN,NaN,NaN,,
ACJ-01,2013,9,25,16,n,3.59,32.1,8.5,20,10,1,10,0.256,0.084,NaN,NaN,NaN,NaN,NaN,NaN,NaN,NaN,,
ACJ-01,2013,9,25,16,n,NaN,NaN,NaN,20,10,2,10,0.084,0.074,NaN,NaN,NaN,NaN,NaN,NaN,NaN,NaN,,
ACJ-01,2013,9,25,16,n,NaN,NaN,NaN,20,10,3,10,0.102,0.044,NaN,NaN,NaN,NaN,NaN,NaN,NaN,NaN,,
ACJ-01,2013,9,25,16,n,NaN,NaN,NaN,20,10,4,10,0.062,0.044,NaN,NaN,NaN,NaN,NaN,NaN,NaN,NaN,,
ACJ-01,2013,12,10,1,n,1.42,31.8,9,30,NaN,1,10,0.02,NaN,NaN,NaN,NaN,NaN,NaN,NaN,NaN,NaN,,
ACJ-01,2013,12,10,1,n,NaN,NaN,NaN,30,NaN,2,10,0.036,NaN,NaN,NaN,NaN,NaN,NaN,NaN,NaN,NaN,,
ACJ-01,2013,12,10,1,n,NaN,NaN,NaN,30,NaN,3,10,0.001,NaN,NaN,NaN,NaN,NaN,NaN,NaN,NaN,NaN,,
ACJ-01,2013,12,10,1,n,NaN,NaN,NaN,30,NaN,4,10,0.001,NaN,NaN,NaN,NaN,NaN,NaN,NaN,NaN,NaN,,
ACJ-01,2013,12,10,2,n,3.22,35.3,9,20,10,1,10,0.008,0.024,NaN,NaN,NaN,NaN,NaN,NaN,NaN,NaN,,
ACJ-01,2013,12,10,2,n,NaN,NaN,NaN,20,10,2,10,0.003,0.012,NaN,NaN,NaN,NaN,NaN,NaN,NaN,NaN,,
ACJ-01,2013,12,10,2,n,NaN,NaN,NaN,20,10,3,10,0.001,0.004,NaN,NaN,NaN,NaN,NaN,NaN,NaN,NaN,,
ACJ-01,2013,12,10,2,n,NaN,NaN,NaN,20,10,4,10,0.001,0,NaN,NaN,NaN,NaN,NaN,NaN,NaN,NaN,,
ACJ-01,2013,12,10,3,n,6.14,355.2,8.9,30,NaN,1,10,0.046,NaN,NaN,NaN,NaN,NaN,NaN,NaN,NaN,NaN,,
ACJ-01,2013,12,10,3,n,NaN,NaN,NaN,30,NaN,2,10,0.042,NaN,NaN,NaN,NaN,NaN,NaN,NaN,NaN,NaN,,
ACJ-01,2013,12,10,3,n,NaN,NaN,NaN,30,NaN,3,10,0.018,NaN,NaN,NaN,NaN,NaN,NaN,NaN,NaN,NaN,,
ACJ-01,2013,12,10,3,n,NaN,NaN,NaN,30,NaN,4,10,0.03,NaN,NaN,NaN,NaN,NaN,NaN,NaN,NaN,NaN,,
ACJ-01,2013,12,10,4,n,3.7,22.4,8.7,20,10,1,10,0.024,0.008,NaN,NaN,NaN,NaN,NaN,NaN,NaN,NaN,,
ACJ-01,2013,12,10,4,n,NaN,NaN,NaN,20,10,2,10,0.001,0.001,NaN,NaN,NaN,NaN,NaN,NaN,NaN,NaN,,
ACJ-01,2013,12,10,4,n,NaN,NaN,NaN,20,10,3,10,0.001,0.002,NaN,NaN,NaN,NaN,NaN,NaN,NaN,NaN,,
ACJ-01,2013,12,10,4,n,NaN,NaN,NaN,20,10,4,10,0,0.001,NaN,NaN,NaN,NaN,NaN,NaN,NaN,NaN,,
ACJ-01,2013,12,10,5,n,1.93,32.3,8.9,30,NaN,1,10,0.082,NaN,NaN,NaN,NaN,NaN,NaN,NaN,NaN,NaN,,
ACJ-01,2013,12,10,5,n,NaN,NaN,NaN,30,NaN,2,10,0.046,NaN,NaN,NaN,NaN,NaN,NaN,NaN,NaN,NaN,,
ACJ-01,2013,12,10,5,n,NaN,NaN,NaN,30,NaN,3,10,0.072,NaN,NaN,NaN,NaN,NaN,NaN,NaN,NaN,NaN,,
ACJ-01,2013,12,10,5,n,NaN,NaN,NaN,30,NaN,4,10,0.014,NaN,NaN,NaN,NaN,NaN,NaN,NaN,NaN,NaN,,
ACJ-01,2013,12,10,6,n,4.13,31.7,8.9,20,10,1,10,0.008,0.004,NaN,NaN,NaN,NaN,NaN,NaN,NaN,NaN,,
ACJ-01,2013,12,10,6,n,NaN,NaN,NaN,20,10,2,10,0.002,0.002,NaN,NaN,NaN,NaN,NaN,NaN,NaN,NaN,,
ACJ-01,2013,12,10,6,n,NaN,NaN,NaN,20,10,3,10,0.008,0.001,NaN,NaN,NaN,NaN,NaN,NaN,NaN,NaN,,
ACJ-01,2013,12,10,6,n,NaN,NaN,NaN,20,10,4,10,0.002,0.001,NaN,NaN,NaN,NaN,NaN,NaN,NaN,NaN,,
ACJ-01,2013,12,10,7,n,5.02,32.4,8.9,20,10,1,10,0.018,0.004,NaN,NaN,NaN,NaN,NaN,NaN,NaN,NaN,,
ACJ-01,2013,12,10,7,n,NaN,NaN,NaN,20,10,2,10,0.002,0.001,NaN,NaN,NaN,NaN,NaN,NaN,NaN,NaN,,
ACJ-01,2013,12,10,7,n,NaN,NaN,NaN,20,10,3,10,0.01,0.001,NaN,NaN,NaN,NaN,NaN,NaN,NaN,NaN,,
ACJ-01,2013,12,10,7,n,NaN,NaN,NaN,20,10,4,10,0.004,0.001,NaN,NaN,NaN,NaN,NaN,NaN,NaN,NaN,,
ACJ-01,2013,12,10,8,n,10.01,32.3,8.3,20,10,1,10,0.03,0.162,NaN,NaN,NaN,NaN,NaN,NaN,NaN,NaN,,
ACJ-01,2013,12,10,8,n,NaN,NaN,NaN,20,10,2,10,0.026,0.108,NaN,NaN,NaN,NaN,NaN,NaN,NaN,NaN,,
ACJ-01,2013,12,10,8,n,NaN,NaN,NaN,20,10,3,10,0.024,0.004,NaN,NaN,NaN,NaN,NaN,NaN,NaN,NaN,,
ACJ-01,2013,12,10,8,n,NaN,NaN,NaN,20,10,4,10,0.012,0.001,NaN,NaN,NaN,NaN,NaN,NaN,NaN,NaN,,
ACJ-01,2013,12,10,9,n,2.66,34.8,8.1,30,NaN,1,10,0.12,NaN,NaN,NaN,NaN,NaN,NaN,NaN,NaN,NaN,,
ACJ-01,2013,12,10,9,n,NaN,NaN,NaN,30,NaN,2,10,0.05,NaN,NaN,NaN,NaN,NaN,NaN,NaN,NaN,NaN,,
ACJ-01,2013,12,10,9,n,NaN,NaN,NaN,30,NaN,3,10,0.054,NaN,NaN,NaN,NaN,NaN,NaN,NaN,NaN,NaN,,
ACJ-01,2013,12,10,9,n,NaN,NaN,NaN,30,NaN,4,10,0.012,NaN,NaN,NaN,NaN,NaN,NaN,NaN,NaN,NaN,,
ACJ-01,2013,12,10,10,n,2.64,30.1,8.1,25,5,1,10,0.03,1,NaN,NaN,NaN,NaN,NaN,NaN,NaN,NaN,,
ACJ-01,2013,12,10,10,n,NaN,NaN,NaN,25,5,2,10,0.016,0.998,NaN,NaN,NaN,NaN,NaN,NaN,NaN,NaN,,
ACJ-01,2013,12,10,10,n,NaN,NaN,NaN,25,5,3,10,0.016,0.994,NaN,NaN,NaN,NaN,NaN,NaN,NaN,NaN,,
ACJ-01,2013,12,10,10,n,NaN,NaN,NaN,25,5,4,10,0.015,0.99,NaN,NaN,NaN,NaN,NaN,NaN,NaN,NaN,,
ACJ-01,2013,12,10,11,n,NaN,21.5,8.3,20,10,1,10,NaN,NaN,NaN,NaN,NaN,NaN,NaN,NaN,NaN,NaN,,
ACJ-01,2013,12,10,11,n,NaN,NaN,NaN,20,10,2,10,NaN,NaN,NaN,NaN,NaN,NaN,NaN,NaN,NaN,NaN,,
ACJ-01,2013,12,10,11,n,NaN,NaN,NaN,20,10,3,10,NaN,NaN,NaN,NaN,NaN,NaN,NaN,NaN,NaN,NaN,,
ACJ-01,2013,12,10,11,n,NaN,NaN,NaN,20,10,4,10,NaN,NaN,NaN,NaN,NaN,NaN,NaN,NaN,NaN,NaN,,
ACJ-01,2013,12,10,12,n,5.72,35.8,8.8,10,20,1,10,0.012,0.02,NaN,NaN,NaN,NaN,NaN,NaN,NaN,NaN,,
ACJ-01,2013,12,10,12,n,NaN,NaN,NaN,10,20,2,10,0.006,0.008,NaN,NaN,NaN,NaN,NaN,NaN,NaN,NaN,,
ACJ-01,2013,12,10,12,n,NaN,NaN,NaN,10,20,3,10,0.002,0.002,NaN,NaN,NaN,NaN,NaN,NaN,NaN,NaN,,
ACJ-01,2013,12,10,12,n,NaN,NaN,NaN,10,20,4,10,0.001,0.001,NaN,NaN,NaN,NaN,NaN,NaN,NaN,NaN,,
ACJ-01,2013,12,10,13,n,5.5,36.3,8.3,20,10,1,10,0.012,0.08,NaN,NaN,NaN,NaN,NaN,NaN,NaN,NaN,,
ACJ-01,2013,12,10,13,n,NaN,NaN,NaN,20,10,2,10,0.008,0.014,NaN,NaN,NaN,NaN,NaN,NaN,NaN,NaN,,
ACJ-01,2013,12,10,13,n,NaN,NaN,NaN,20,10,3,10,0.001,0.006,NaN,NaN,NaN,NaN,NaN,NaN,NaN,NaN,,
ACJ-01,2013,12,10,13,n,NaN,NaN,NaN,20,10,4,10,0.001,0.005,NaN,NaN,NaN,NaN,NaN,NaN,NaN,NaN,,
ACJ-01,2013,12,10,14,n,3.12,41.2,8.3,20,10,1,10,0.058,0.02,NaN,NaN,NaN,NaN,NaN,NaN,NaN,NaN,,
ACJ-01,2013,12,10,14,n,NaN,NaN,NaN,20,10,2,10,0.06,0.02,NaN,NaN,NaN,NaN,NaN,NaN,NaN,NaN,,
ACJ-01,2013,12,10,14,n,NaN,NaN,NaN,20,10,3,10,0.068,0.004,NaN,NaN,NaN,NaN,NaN,NaN,NaN,NaN,,
ACJ-01,2013,12,10,14,n,NaN,NaN,NaN,20,10,4,10,0.018,0.001,NaN,NaN,NaN,NaN,NaN,NaN,NaN,NaN,,
ACJ-01,2013,12,10,15,n,4.66,32.5,8.3,20,10,1,10,0.058,NaN,NaN,NaN,NaN,NaN,NaN,NaN,NaN,NaN,,
ACJ-01,2013,12,10,15,n,NaN,NaN,NaN,20,10,2,10,0.06,NaN,NaN,NaN,NaN,NaN,NaN,NaN,NaN,NaN,,
ACJ-01,2013,12,10,15,n,NaN,NaN,NaN,20,10,3,10,0.068,NaN,NaN,NaN,NaN,NaN,NaN,NaN,NaN,NaN,,
ACJ-01,2013,12,10,15,n,NaN,NaN,NaN,20,10,4,10,0.018,NaN,NaN,NaN,NaN,NaN,NaN,NaN,NaN,NaN,,
ACJ-01,2013,12,10,16,n,3.54,32.4,8.3,20,10,1,10,0.03,0.012,NaN,NaN,NaN,NaN,NaN,NaN,NaN,NaN,,
ACJ-01,2013,12,10,16,n,NaN,NaN,NaN,20,10,2,10,0.018,0.011,NaN,NaN,NaN,NaN,NaN,NaN,NaN,NaN,,
ACJ-01,2013,12,10,16,n,NaN,NaN,NaN,20,10,3,10,0.02,0.014,NaN,NaN,NaN,NaN,NaN,NaN,NaN,NaN,,
ACJ-01,2013,12,10,16,n,NaN,NaN,NaN,20,10,4,10,0.019,0.002,NaN,NaN,NaN,NaN,NaN,NaN,NaN,NaN,,
ACJ-01,2014,3,15,1,n,2.44,51.6,9.1,30,NaN,1,10,0.022,NaN,NaN,NaN,NaN,NaN,NaN,NaN,NaN,NaN,,
ACJ-01,2014,3,15,1,n,NaN,NaN,NaN,30,NaN,2,10,0.014,NaN,NaN,NaN,NaN,NaN,NaN,NaN,NaN,NaN,,
ACJ-01,2014,3,15,1,n,NaN,NaN,NaN,30,NaN,3,10,0.014,NaN,NaN,NaN,NaN,NaN,NaN,NaN,NaN,NaN,,
ACJ-01,2014,3,15,1,n,NaN,NaN,NaN,30,NaN,4,10,0.012,NaN,NaN,NaN,NaN,NaN,NaN,NaN,NaN,NaN,,
ACJ-01,2014,3,15,2,n,12.16,51,8.8,20,10,1,10,0.01,1.01,NaN,NaN,NaN,NaN,NaN,NaN,NaN,NaN,,
ACJ-01,2014,3,15,2,n,NaN,NaN,NaN,20,10,2,10,0.001,0.001,NaN,NaN,NaN,NaN,NaN,NaN,NaN,NaN,,
ACJ-01,2014,3,15,2,n,NaN,NaN,NaN,20,10,3,10,0.001,0.001,NaN,NaN,NaN,NaN,NaN,NaN,NaN,NaN,,
ACJ-01,2014,3,15,2,n,NaN,NaN,NaN,20,10,4,10,0.001,0.001,NaN,NaN,NaN,NaN,NaN,NaN,NaN,NaN,,
ACJ-01,2014,3,15,3,n,2.85,28,9.4,30,NaN,1,10,0.086,NaN,NaN,NaN,NaN,NaN,NaN,NaN,NaN,NaN,,
ACJ-01,2014,3,15,3,n,NaN,NaN,NaN,30,NaN,2,10,0.03,NaN,NaN,NaN,NaN,NaN,NaN,NaN,NaN,NaN,,
ACJ-01,2014,3,15,3,n,NaN,NaN,NaN,30,NaN,3,10,0.03,NaN,NaN,NaN,NaN,NaN,NaN,NaN,NaN,NaN,,
ACJ-01,2014,3,15,3,n,NaN,NaN,NaN,30,NaN,4,10,0.016,NaN,NaN,NaN,NaN,NaN,NaN,NaN,NaN,NaN,,
ACJ-01,2014,3,15,4,n,3.45,41.2,8.7,20,10,1,10,0.026,0.001,NaN,NaN,NaN,NaN,NaN,NaN,NaN,NaN,,
ACJ-01,2014,3,15,4,n,NaN,NaN,NaN,20,10,2,10,0.02,0.001,NaN,NaN,NaN,NaN,NaN,NaN,NaN,NaN,,
ACJ-01,2014,3,15,4,n,NaN,NaN,NaN,20,10,3,10,0.012,0.001,NaN,NaN,NaN,NaN,NaN,NaN,NaN,NaN,,
ACJ-01,2014,3,15,4,n,NaN,NaN,NaN,20,10,4,10,0.006,0.001,NaN,NaN,NaN,NaN,NaN,NaN,NaN,NaN,,
ACJ-01,2014,3,15,5,n,2.67,40.3,8.9,30,NaN,1,10,0.42,NaN,NaN,NaN,NaN,NaN,NaN,NaN,NaN,NaN,,
ACJ-01,2014,3,15,5,n,NaN,NaN,NaN,30,NaN,2,10,0.038,NaN,NaN,NaN,NaN,NaN,NaN,NaN,NaN,NaN,,
ACJ-01,2014,3,15,5,n,NaN,NaN,NaN,30,NaN,3,10,0.03,NaN,NaN,NaN,NaN,NaN,NaN,NaN,NaN,NaN,,
ACJ-01,2014,3,15,5,n,NaN,NaN,NaN,30,NaN,4,10,0.028,NaN,NaN,NaN,NaN,NaN,NaN,NaN,NaN,NaN,,
ACJ-01,2014,3,15,6,n,6.55,91,9,20,10,1,10,0.022,0.001,NaN,NaN,NaN,NaN,NaN,NaN,NaN,NaN,,
ACJ-01,2014,3,15,6,n,NaN,NaN,NaN,20,10,2,10,0.001,0.001,NaN,NaN,NaN,NaN,NaN,NaN,NaN,NaN,,
ACJ-01,2014,3,15,6,n,NaN,NaN,NaN,20,10,3,10,0.001,0.001,NaN,NaN,NaN,NaN,NaN,NaN,NaN,NaN,,
ACJ-01,2014,3,15,6,n,NaN,NaN,NaN,20,10,4,10,0.001,0.001,NaN,NaN,NaN,NaN,NaN,NaN,NaN,NaN,,
ACJ-01,2014,3,15,7,n,1.4,40.6,8.9,20,10,1,10,0.001,0.016,NaN,NaN,NaN,NaN,NaN,NaN,NaN,NaN,,
ACJ-01,2014,3,15,7,n,NaN,NaN,NaN,20,10,2,10,0.001,0.016,NaN,NaN,NaN,NaN,NaN,NaN,NaN,NaN,,
ACJ-01,2014,3,15,7,n,NaN,NaN,NaN,20,10,3,10,0.001,0.001,NaN,NaN,NaN,NaN,NaN,NaN,NaN,NaN,,
ACJ-01,2014,3,15,7,n,NaN,NaN,NaN,20,10,4,10,0.001,0.001,NaN,NaN,NaN,NaN,NaN,NaN,NaN,NaN,,
ACJ-01,2014,3,15,8,n,1.05,44.4,9.1,20,10,1,10,0.028,0.001,NaN,NaN,NaN,NaN,NaN,NaN,NaN,NaN,,
ACJ-01,2014,3,15,8,n,NaN,NaN,NaN,20,10,2,10,0.008,0.001,NaN,NaN,NaN,NaN,NaN,NaN,NaN,NaN,,
ACJ-01,2014,3,15,8,n,NaN,NaN,NaN,20,10,3,10,0.002,0.001,NaN,NaN,NaN,NaN,NaN,NaN,NaN,NaN,,
ACJ-01,2014,3,15,8,n,NaN,NaN,NaN,20,10,4,10,0.001,0.001,NaN,NaN,NaN,NaN,NaN,NaN,NaN,NaN,,
ACJ-01,2014,3,15,9,n,4.12,45.1,9.3,30,NaN,1,10,0.018,NaN,NaN,NaN,NaN,NaN,NaN,NaN,NaN,NaN,,
ACJ-01,2014,3,15,9,n,NaN,NaN,NaN,30,NaN,2,10,0.01,NaN,NaN,NaN,NaN,NaN,NaN,NaN,NaN,NaN,,
ACJ-01,2014,3,15,9,n,NaN,NaN,NaN,30,NaN,3,10,0.01,NaN,NaN,NaN,NaN,NaN,NaN,NaN,NaN,NaN,,
ACJ-01,2014,3,15,9,n,NaN,NaN,NaN,30,NaN,4,10,0.002,NaN,NaN,NaN,NaN,NaN,NaN,NaN,NaN,NaN,,
ACJ-01,2014,3,15,10,n,5.38,39.3,9.1,25,5,1,10,0.014,0.028,NaN,NaN,NaN,NaN,NaN,NaN,NaN,NaN,,
ACJ-01,2014,3,15,10,n,NaN,NaN,NaN,25,5,2,10,0.004,0.012,NaN,NaN,NaN,NaN,NaN,NaN,NaN,NaN,,
ACJ-01,2014,3,15,10,n,NaN,NaN,NaN,25,5,3,10,0.001,0.001,NaN,NaN,NaN,NaN,NaN,NaN,NaN,NaN,,
ACJ-01,2014,3,15,10,n,NaN,NaN,NaN,25,5,4,10,0.001,0.001,NaN,NaN,NaN,NaN,NaN,NaN,NaN,NaN,,
ACJ-01,2014,3,15,11,n,NaN,NaN,NaN,20,10,1,10,NaN,NaN,NaN,NaN,NaN,NaN,NaN,NaN,NaN,NaN,,
ACJ-01,2014,3,15,11,n,NaN,NaN,NaN,20,10,2,10,NaN,NaN,NaN,NaN,NaN,NaN,NaN,NaN,NaN,NaN,,
ACJ-01,2014,3,15,11,n,NaN,NaN,NaN,20,10,3,10,NaN,NaN,NaN,NaN,NaN,NaN,NaN,NaN,NaN,NaN,,
ACJ-01,2014,3,15,11,n,NaN,NaN,NaN,20,10,4,10,NaN,NaN,NaN,NaN,NaN,NaN,NaN,NaN,NaN,NaN,,
ACJ-01,2014,3,15,12,n,4.66,34.5,9.1,10,20,1,10,0.23,0.012,NaN,NaN,NaN,NaN,NaN,NaN,NaN,NaN,,
ACJ-01,2014,3,15,12,n,NaN,NaN,NaN,10,20,2,10,0.076,0.008,NaN,NaN,NaN,NaN,NaN,NaN,NaN,NaN,,
ACJ-01,2014,3,15,12,n,NaN,NaN,NaN,10,20,3,10,0.048,0.002,NaN,NaN,NaN,NaN,NaN,NaN,NaN,NaN,,
ACJ-01,2014,3,15,12,n,NaN,NaN,NaN,10,20,4,10,0.022,0.001,NaN,NaN,NaN,NaN,NaN,NaN,NaN,NaN,,
ACJ-01,2014,3,15,13,n,6.91,34,9.2,20,10,1,10,0.014,0.032,NaN,NaN,NaN,NaN,NaN,NaN,NaN,NaN,,
ACJ-01,2014,3,15,13,n,NaN,NaN,NaN,20,10,2,10,0.001,0.002,NaN,NaN,NaN,NaN,NaN,NaN,NaN,NaN,,
ACJ-01,2014,3,15,13,n,NaN,NaN,NaN,20,10,3,10,0.001,0.001,NaN,NaN,NaN,NaN,NaN,NaN,NaN,NaN,,
ACJ-01,2014,3,15,13,n,NaN,NaN,NaN,20,10,4,10,0.001,0.001,NaN,NaN,NaN,NaN,NaN,NaN,NaN,NaN,,
ACJ-01,2014,3,15,14,n,2.5,42.1,8.9,20,10,1,10,0.044,0.008,NaN,NaN,NaN,NaN,NaN,NaN,NaN,NaN,,
ACJ-01,2014,3,15,14,n,NaN,NaN,NaN,20,10,2,10,0.01,0.001,NaN,NaN,NaN,NaN,NaN,NaN,NaN,NaN,,
ACJ-01,2014,3,15,14,n,NaN,NaN,NaN,20,10,3,10,0.001,0.001,NaN,NaN,NaN,NaN,NaN,NaN,NaN,NaN,,
ACJ-01,2014,3,15,14,n,NaN,NaN,NaN,20,10,4,10,0.001,0.001,NaN,NaN,NaN,NaN,NaN,NaN,NaN,NaN,,
ACJ-01,2014,3,15,15,n,3.26,43.2,8.9,20,10,1,10,0.038,NaN,NaN,NaN,NaN,NaN,NaN,NaN,NaN,NaN,,
ACJ-01,2014,3,15,15,n,NaN,NaN,NaN,20,10,2,10,0.022,NaN,NaN,NaN,NaN,NaN,NaN,NaN,NaN,NaN,,
ACJ-01,2014,3,15,15,n,NaN,NaN,NaN,20,10,3,10,0.022,NaN,NaN,NaN,NaN,NaN,NaN,NaN,NaN,NaN,,
ACJ-01,2014,3,15,15,n,NaN,NaN,NaN,20,10,4,10,0.016,NaN,NaN,NaN,NaN,NaN,NaN,NaN,NaN,NaN,,
ACJ-01,2014,3,15,16,n,3,34.5,9,20,10,1,10,0.034,0.024,NaN,NaN,NaN,NaN,NaN,NaN,NaN,NaN,,
ACJ-01,2014,3,15,16,n,NaN,NaN,NaN,20,10,2,10,0.028,0.022,NaN,NaN,NaN,NaN,NaN,NaN,NaN,NaN,,
ACJ-01,2014,3,15,16,n,NaN,NaN,NaN,20,10,3,10,0.001,0.014,NaN,NaN,NaN,NaN,NaN,NaN,NaN,NaN,,
ACJ-01,2014,3,15,16,n,NaN,NaN,NaN,20,10,4,10,0.001,0.014,NaN,NaN,NaN,NaN,NaN,NaN,NaN,NaN,,
